#-----------------------------------------------------------
# Vivado v2025.2 (64-bit)
# SW Build 6299465 on Fri Nov 14 12:34:56 MST 2025
# IP Build 6300035 on Fri Nov 14 10:48:45 MST 2025
# SharedData Build 6298862 on Thu Nov 13 04:50:51 MST 2025
# Start of session at: Sat Sep 19 12:03:40 2026
# Process ID         : 419768
# Current directory  : /home/ubuntu/Desktop/ZUGA-IC-final
# Command line       : vivado -mode batch -source build_fpga.tcl -log build_fpga_run.log -journal build_fpga_run.jou
# Log file           : /home/ubuntu/Desktop/ZUGA-IC-final/build_fpga_run.log
# Journal file       : /home/ubuntu/Desktop/ZUGA-IC-final/build_fpga_run.jou
# Running On         : ubuntu-Lenovo-V15-G4-IAH
# Platform           : Ubuntu
# Operating System   : Ubuntu 24.04.4 LTS
# Processor Detail   : 12th Gen Intel(R) Core(TM) i5-12500H
# CPU Frequency      : 3191.266 MHz
# CPU Physical cores : 12
# CPU Logical cores  : 16
# Host memory        : 16473 MB
# Swap memory        : 4294 MB
# Total Virtual      : 20768 MB
# Available Virtual  : 12791 MB
#-----------------------------------------------------------
source build_fpga.tcl
# set PART   xc7a200tsbg484-1
# set TOP    fpga_top_axi
# set OUTDIR build_fpga
# file mkdir $OUTDIR
# if {[file exists sw/boot_stub.hex]} { file copy -force sw/boot_stub.hex bootloader.hex }
# set CORE {
#     cv32e40p/rtl/include/cv32e40p_pkg.sv
#     cv32e40p/rtl/include/cv32e40p_apu_core_pkg.sv
#     cv32e40p/rtl/include/cv32e40p_fpu_pkg.sv
#     cv32e40p/bhv/cv32e40p_sim_clock_gate.sv
#     cv32e40p/rtl/cv32e40p_if_stage.sv
#     cv32e40p/rtl/cv32e40p_cs_registers.sv
#     cv32e40p/rtl/cv32e40p_register_file_ff.sv
#     cv32e40p/rtl/cv32e40p_load_store_unit.sv
#     cv32e40p/rtl/cv32e40p_id_stage.sv
#     cv32e40p/rtl/cv32e40p_aligner.sv
#     cv32e40p/rtl/cv32e40p_decoder.sv
#     cv32e40p/rtl/cv32e40p_compressed_decoder.sv
#     cv32e40p/rtl/cv32e40p_fifo.sv
#     cv32e40p/rtl/cv32e40p_prefetch_buffer.sv
#     cv32e40p/rtl/cv32e40p_hwloop_regs.sv
#     cv32e40p/rtl/cv32e40p_mult.sv
#     cv32e40p/rtl/cv32e40p_int_controller.sv
#     cv32e40p/rtl/cv32e40p_ex_stage.sv
#     cv32e40p/rtl/cv32e40p_alu_div.sv
#     cv32e40p/rtl/cv32e40p_alu.sv
#     cv32e40p/rtl/cv32e40p_ff_one.sv
#     cv32e40p/rtl/cv32e40p_popcnt.sv
#     cv32e40p/rtl/cv32e40p_apu_disp.sv
#     cv32e40p/rtl/cv32e40p_controller.sv
#     cv32e40p/rtl/cv32e40p_obi_interface.sv
#     cv32e40p/rtl/cv32e40p_prefetch_controller.sv
#     cv32e40p/rtl/cv32e40p_sleep_unit.sv
#     cv32e40p/rtl/cv32e40p_core.sv
# }
# set ZUGA {
#     tb/sky130_sram_1kbyte_1rw1r_32x256_8_sim.v
#     rtl/obi_to_axi_lite.sv
#     rtl/ram_axi.sv
#     rtl/gpio_axi.sv
#     rtl/timer_axi.sv
#     rtl/uart_axi.sv
#     rtl/i2c_master_axi.sv
#     rtl/yz_csr.sv
#     rtl/yz_accel.sv
#     rtl/yz_top.sv
#     rtl/soc_top_axi.sv
#     rtl/fpga_top_axi.sv
# }
# read_verilog -sv [concat $CORE $ZUGA]
# read_xdc constraints/nexys_video.xdc
# synth_design -top $TOP -part $PART \
#     -include_dirs {cv32e40p/rtl/include cv32e40p/rtl cv32e40p/bhv}
Command: synth_design -top fpga_top_axi -part xc7a200tsbg484-1 -include_dirs {cv32e40p/rtl/include cv32e40p/rtl cv32e40p/bhv}
Starting synth_design
Attempting to get a license for feature 'Synthesis' and/or device 'xc7a200t'
INFO: [Common 17-349] Got license for feature 'Synthesis' and/or device 'xc7a200t'
INFO: [Device 21-403] Loading part xc7a200tsbg484-1
INFO: [Synth 8-7079] Multithreading enabled for synth_design using a maximum of 7 processes.
INFO: [Synth 8-7078] Launching helper process for spawning children vivado processes
INFO: [Synth 8-7075] Helper process launched with PID 419845
---------------------------------------------------------------------------------
Starting RTL Elaboration : Time (s): cpu = 00:00:03 ; elapsed = 00:00:03 . Memory (MB): peak = 2288.855 ; gain = 480.594 ; free physical = 254 ; free virtual = 10982
---------------------------------------------------------------------------------
WARNING: [Synth 8-11067] parameter 'OPCODE_SYSTEM' declared inside package 'cv32e40p_pkg' shall be treated as localparam [/home/ubuntu/Desktop/ZUGA-IC-final/cv32e40p/rtl/include/cv32e40p_pkg.sv:37]
WARNING: [Synth 8-11067] parameter 'OPCODE_FENCE' declared inside package 'cv32e40p_pkg' shall be treated as localparam [/home/ubuntu/Desktop/ZUGA-IC-final/cv32e40p/rtl/include/cv32e40p_pkg.sv:38]
WARNING: [Synth 8-11067] parameter 'OPCODE_OP' declared inside package 'cv32e40p_pkg' shall be treated as localparam [/home/ubuntu/Desktop/ZUGA-IC-final/cv32e40p/rtl/include/cv32e40p_pkg.sv:39]
WARNING: [Synth 8-11067] parameter 'OPCODE_OPIMM' declared inside package 'cv32e40p_pkg' shall be treated as localparam [/home/ubuntu/Desktop/ZUGA-IC-final/cv32e40p/rtl/include/cv32e40p_pkg.sv:40]
WARNING: [Synth 8-11067] parameter 'OPCODE_STORE' declared inside package 'cv32e40p_pkg' shall be treated as localparam [/home/ubuntu/Desktop/ZUGA-IC-final/cv32e40p/rtl/include/cv32e40p_pkg.sv:41]
WARNING: [Synth 8-11067] parameter 'OPCODE_LOAD' declared inside package 'cv32e40p_pkg' shall be treated as localparam [/home/ubuntu/Desktop/ZUGA-IC-final/cv32e40p/rtl/include/cv32e40p_pkg.sv:42]
WARNING: [Synth 8-11067] parameter 'OPCODE_BRANCH' declared inside package 'cv32e40p_pkg' shall be treated as localparam [/home/ubuntu/Desktop/ZUGA-IC-final/cv32e40p/rtl/include/cv32e40p_pkg.sv:43]
WARNING: [Synth 8-11067] parameter 'OPCODE_JALR' declared inside package 'cv32e40p_pkg' shall be treated as localparam [/home/ubuntu/Desktop/ZUGA-IC-final/cv32e40p/rtl/include/cv32e40p_pkg.sv:44]
WARNING: [Synth 8-11067] parameter 'OPCODE_JAL' declared inside package 'cv32e40p_pkg' shall be treated as localparam [/home/ubuntu/Desktop/ZUGA-IC-final/cv32e40p/rtl/include/cv32e40p_pkg.sv:45]
WARNING: [Synth 8-11067] parameter 'OPCODE_AUIPC' declared inside package 'cv32e40p_pkg' shall be treated as localparam [/home/ubuntu/Desktop/ZUGA-IC-final/cv32e40p/rtl/include/cv32e40p_pkg.sv:46]
WARNING: [Synth 8-11067] parameter 'OPCODE_LUI' declared inside package 'cv32e40p_pkg' shall be treated as localparam [/home/ubuntu/Desktop/ZUGA-IC-final/cv32e40p/rtl/include/cv32e40p_pkg.sv:47]
WARNING: [Synth 8-11067] parameter 'OPCODE_OP_FP' declared inside package 'cv32e40p_pkg' shall be treated as localparam [/home/ubuntu/Desktop/ZUGA-IC-final/cv32e40p/rtl/include/cv32e40p_pkg.sv:48]
WARNING: [Synth 8-11067] parameter 'OPCODE_OP_FMADD' declared inside package 'cv32e40p_pkg' shall be treated as localparam [/home/ubuntu/Desktop/ZUGA-IC-final/cv32e40p/rtl/include/cv32e40p_pkg.sv:49]
WARNING: [Synth 8-11067] parameter 'OPCODE_OP_FNMADD' declared inside package 'cv32e40p_pkg' shall be treated as localparam [/home/ubuntu/Desktop/ZUGA-IC-final/cv32e40p/rtl/include/cv32e40p_pkg.sv:50]
WARNING: [Synth 8-11067] parameter 'OPCODE_OP_FMSUB' declared inside package 'cv32e40p_pkg' shall be treated as localparam [/home/ubuntu/Desktop/ZUGA-IC-final/cv32e40p/rtl/include/cv32e40p_pkg.sv:51]
WARNING: [Synth 8-11067] parameter 'OPCODE_OP_FNMSUB' declared inside package 'cv32e40p_pkg' shall be treated as localparam [/home/ubuntu/Desktop/ZUGA-IC-final/cv32e40p/rtl/include/cv32e40p_pkg.sv:52]
WARNING: [Synth 8-11067] parameter 'OPCODE_STORE_FP' declared inside package 'cv32e40p_pkg' shall be treated as localparam [/home/ubuntu/Desktop/ZUGA-IC-final/cv32e40p/rtl/include/cv32e40p_pkg.sv:53]
WARNING: [Synth 8-11067] parameter 'OPCODE_LOAD_FP' declared inside package 'cv32e40p_pkg' shall be treated as localparam [/home/ubuntu/Desktop/ZUGA-IC-final/cv32e40p/rtl/include/cv32e40p_pkg.sv:54]
WARNING: [Synth 8-11067] parameter 'OPCODE_AMO' declared inside package 'cv32e40p_pkg' shall be treated as localparam [/home/ubuntu/Desktop/ZUGA-IC-final/cv32e40p/rtl/include/cv32e40p_pkg.sv:55]
WARNING: [Synth 8-11067] parameter 'OPCODE_CUSTOM_0' declared inside package 'cv32e40p_pkg' shall be treated as localparam [/home/ubuntu/Desktop/ZUGA-IC-final/cv32e40p/rtl/include/cv32e40p_pkg.sv:58]
WARNING: [Synth 8-11067] parameter 'OPCODE_CUSTOM_1' declared inside package 'cv32e40p_pkg' shall be treated as localparam [/home/ubuntu/Desktop/ZUGA-IC-final/cv32e40p/rtl/include/cv32e40p_pkg.sv:59]
WARNING: [Synth 8-11067] parameter 'OPCODE_CUSTOM_2' declared inside package 'cv32e40p_pkg' shall be treated as localparam [/home/ubuntu/Desktop/ZUGA-IC-final/cv32e40p/rtl/include/cv32e40p_pkg.sv:60]
WARNING: [Synth 8-11067] parameter 'OPCODE_CUSTOM_3' declared inside package 'cv32e40p_pkg' shall be treated as localparam [/home/ubuntu/Desktop/ZUGA-IC-final/cv32e40p/rtl/include/cv32e40p_pkg.sv:61]
WARNING: [Synth 8-11067] parameter 'REGC_S1' declared inside package 'cv32e40p_pkg' shall be treated as localparam [/home/ubuntu/Desktop/ZUGA-IC-final/cv32e40p/rtl/include/cv32e40p_pkg.sv:63]
WARNING: [Synth 8-11067] parameter 'REGC_S4' declared inside package 'cv32e40p_pkg' shall be treated as localparam [/home/ubuntu/Desktop/ZUGA-IC-final/cv32e40p/rtl/include/cv32e40p_pkg.sv:64]
WARNING: [Synth 8-11067] parameter 'REGC_RD' declared inside package 'cv32e40p_pkg' shall be treated as localparam [/home/ubuntu/Desktop/ZUGA-IC-final/cv32e40p/rtl/include/cv32e40p_pkg.sv:65]
WARNING: [Synth 8-11067] parameter 'REGC_ZERO' declared inside package 'cv32e40p_pkg' shall be treated as localparam [/home/ubuntu/Desktop/ZUGA-IC-final/cv32e40p/rtl/include/cv32e40p_pkg.sv:66]
WARNING: [Synth 8-11067] parameter 'ALU_OP_WIDTH' declared inside package 'cv32e40p_pkg' shall be treated as localparam [/home/ubuntu/Desktop/ZUGA-IC-final/cv32e40p/rtl/include/cv32e40p_pkg.sv:77]
WARNING: [Synth 8-11067] parameter 'MUL_OP_WIDTH' declared inside package 'cv32e40p_pkg' shall be treated as localparam [/home/ubuntu/Desktop/ZUGA-IC-final/cv32e40p/rtl/include/cv32e40p_pkg.sv:163]
WARNING: [Synth 8-11067] parameter 'VEC_MODE32' declared inside package 'cv32e40p_pkg' shall be treated as localparam [/home/ubuntu/Desktop/ZUGA-IC-final/cv32e40p/rtl/include/cv32e40p_pkg.sv:178]
WARNING: [Synth 8-11067] parameter 'VEC_MODE16' declared inside package 'cv32e40p_pkg' shall be treated as localparam [/home/ubuntu/Desktop/ZUGA-IC-final/cv32e40p/rtl/include/cv32e40p_pkg.sv:179]
WARNING: [Synth 8-11067] parameter 'VEC_MODE8' declared inside package 'cv32e40p_pkg' shall be treated as localparam [/home/ubuntu/Desktop/ZUGA-IC-final/cv32e40p/rtl/include/cv32e40p_pkg.sv:180]
WARNING: [Synth 8-11067] parameter 'HAVERESET_INDEX' declared inside package 'cv32e40p_pkg' shall be treated as localparam [/home/ubuntu/Desktop/ZUGA-IC-final/cv32e40p/rtl/include/cv32e40p_pkg.sv:207]
WARNING: [Synth 8-11067] parameter 'RUNNING_INDEX' declared inside package 'cv32e40p_pkg' shall be treated as localparam [/home/ubuntu/Desktop/ZUGA-IC-final/cv32e40p/rtl/include/cv32e40p_pkg.sv:208]
WARNING: [Synth 8-11067] parameter 'HALTED_INDEX' declared inside package 'cv32e40p_pkg' shall be treated as localparam [/home/ubuntu/Desktop/ZUGA-IC-final/cv32e40p/rtl/include/cv32e40p_pkg.sv:209]
WARNING: [Synth 8-11067] parameter 'CSR_OP_WIDTH' declared inside package 'cv32e40p_pkg' shall be treated as localparam [/home/ubuntu/Desktop/ZUGA-IC-final/cv32e40p/rtl/include/cv32e40p_pkg.sv:510]
WARNING: [Synth 8-11067] parameter 'CSR_MSIX_BIT' declared inside package 'cv32e40p_pkg' shall be treated as localparam [/home/ubuntu/Desktop/ZUGA-IC-final/cv32e40p/rtl/include/cv32e40p_pkg.sv:520]
WARNING: [Synth 8-11067] parameter 'CSR_MTIX_BIT' declared inside package 'cv32e40p_pkg' shall be treated as localparam [/home/ubuntu/Desktop/ZUGA-IC-final/cv32e40p/rtl/include/cv32e40p_pkg.sv:521]
WARNING: [Synth 8-11067] parameter 'CSR_MEIX_BIT' declared inside package 'cv32e40p_pkg' shall be treated as localparam [/home/ubuntu/Desktop/ZUGA-IC-final/cv32e40p/rtl/include/cv32e40p_pkg.sv:522]
WARNING: [Synth 8-11067] parameter 'CSR_MFIX_BIT_LOW' declared inside package 'cv32e40p_pkg' shall be treated as localparam [/home/ubuntu/Desktop/ZUGA-IC-final/cv32e40p/rtl/include/cv32e40p_pkg.sv:523]
WARNING: [Synth 8-11067] parameter 'CSR_MFIX_BIT_HIGH' declared inside package 'cv32e40p_pkg' shall be treated as localparam [/home/ubuntu/Desktop/ZUGA-IC-final/cv32e40p/rtl/include/cv32e40p_pkg.sv:524]
WARNING: [Synth 8-11067] parameter 'SP_DVR0' declared inside package 'cv32e40p_pkg' shall be treated as localparam [/home/ubuntu/Desktop/ZUGA-IC-final/cv32e40p/rtl/include/cv32e40p_pkg.sv:527]
WARNING: [Synth 8-11067] parameter 'SP_DCR0' declared inside package 'cv32e40p_pkg' shall be treated as localparam [/home/ubuntu/Desktop/ZUGA-IC-final/cv32e40p/rtl/include/cv32e40p_pkg.sv:528]
WARNING: [Synth 8-11067] parameter 'SP_DMR1' declared inside package 'cv32e40p_pkg' shall be treated as localparam [/home/ubuntu/Desktop/ZUGA-IC-final/cv32e40p/rtl/include/cv32e40p_pkg.sv:529]
WARNING: [Synth 8-11067] parameter 'SP_DMR2' declared inside package 'cv32e40p_pkg' shall be treated as localparam [/home/ubuntu/Desktop/ZUGA-IC-final/cv32e40p/rtl/include/cv32e40p_pkg.sv:530]
WARNING: [Synth 8-11067] parameter 'SP_DVR_MSB' declared inside package 'cv32e40p_pkg' shall be treated as localparam [/home/ubuntu/Desktop/ZUGA-IC-final/cv32e40p/rtl/include/cv32e40p_pkg.sv:532]
WARNING: [Synth 8-11067] parameter 'SP_DCR_MSB' declared inside package 'cv32e40p_pkg' shall be treated as localparam [/home/ubuntu/Desktop/ZUGA-IC-final/cv32e40p/rtl/include/cv32e40p_pkg.sv:533]
WARNING: [Synth 8-11067] parameter 'SP_DMR_MSB' declared inside package 'cv32e40p_pkg' shall be treated as localparam [/home/ubuntu/Desktop/ZUGA-IC-final/cv32e40p/rtl/include/cv32e40p_pkg.sv:534]
WARNING: [Synth 8-11067] parameter 'SP_DSR_MSB' declared inside package 'cv32e40p_pkg' shall be treated as localparam [/home/ubuntu/Desktop/ZUGA-IC-final/cv32e40p/rtl/include/cv32e40p_pkg.sv:535]
WARNING: [Synth 8-11067] parameter 'MVENDORID_OFFSET' declared inside package 'cv32e40p_pkg' shall be treated as localparam [/home/ubuntu/Desktop/ZUGA-IC-final/cv32e40p/rtl/include/cv32e40p_pkg.sv:587]
WARNING: [Synth 8-11067] parameter 'MVENDORID_BANK' declared inside package 'cv32e40p_pkg' shall be treated as localparam [/home/ubuntu/Desktop/ZUGA-IC-final/cv32e40p/rtl/include/cv32e40p_pkg.sv:588]
WARNING: [Synth 8-11067] parameter 'MARCHID' declared inside package 'cv32e40p_pkg' shall be treated as localparam [/home/ubuntu/Desktop/ZUGA-IC-final/cv32e40p/rtl/include/cv32e40p_pkg.sv:591]
WARNING: [Synth 8-11067] parameter 'MHPMCOUNTER_WIDTH' declared inside package 'cv32e40p_pkg' shall be treated as localparam [/home/ubuntu/Desktop/ZUGA-IC-final/cv32e40p/rtl/include/cv32e40p_pkg.sv:593]
WARNING: [Synth 8-11067] parameter 'SEL_REGFILE' declared inside package 'cv32e40p_pkg' shall be treated as localparam [/home/ubuntu/Desktop/ZUGA-IC-final/cv32e40p/rtl/include/cv32e40p_pkg.sv:605]
WARNING: [Synth 8-11067] parameter 'SEL_FW_EX' declared inside package 'cv32e40p_pkg' shall be treated as localparam [/home/ubuntu/Desktop/ZUGA-IC-final/cv32e40p/rtl/include/cv32e40p_pkg.sv:606]
WARNING: [Synth 8-11067] parameter 'SEL_FW_WB' declared inside package 'cv32e40p_pkg' shall be treated as localparam [/home/ubuntu/Desktop/ZUGA-IC-final/cv32e40p/rtl/include/cv32e40p_pkg.sv:607]
WARNING: [Synth 8-11067] parameter 'OP_A_REGA_OR_FWD' declared inside package 'cv32e40p_pkg' shall be treated as localparam [/home/ubuntu/Desktop/ZUGA-IC-final/cv32e40p/rtl/include/cv32e40p_pkg.sv:610]
WARNING: [Synth 8-11067] parameter 'OP_A_CURRPC' declared inside package 'cv32e40p_pkg' shall be treated as localparam [/home/ubuntu/Desktop/ZUGA-IC-final/cv32e40p/rtl/include/cv32e40p_pkg.sv:611]
WARNING: [Synth 8-11067] parameter 'OP_A_IMM' declared inside package 'cv32e40p_pkg' shall be treated as localparam [/home/ubuntu/Desktop/ZUGA-IC-final/cv32e40p/rtl/include/cv32e40p_pkg.sv:612]
WARNING: [Synth 8-11067] parameter 'OP_A_REGB_OR_FWD' declared inside package 'cv32e40p_pkg' shall be treated as localparam [/home/ubuntu/Desktop/ZUGA-IC-final/cv32e40p/rtl/include/cv32e40p_pkg.sv:613]
WARNING: [Synth 8-11067] parameter 'OP_A_REGC_OR_FWD' declared inside package 'cv32e40p_pkg' shall be treated as localparam [/home/ubuntu/Desktop/ZUGA-IC-final/cv32e40p/rtl/include/cv32e40p_pkg.sv:614]
WARNING: [Synth 8-11067] parameter 'IMMA_Z' declared inside package 'cv32e40p_pkg' shall be treated as localparam [/home/ubuntu/Desktop/ZUGA-IC-final/cv32e40p/rtl/include/cv32e40p_pkg.sv:617]
WARNING: [Synth 8-11067] parameter 'IMMA_ZERO' declared inside package 'cv32e40p_pkg' shall be treated as localparam [/home/ubuntu/Desktop/ZUGA-IC-final/cv32e40p/rtl/include/cv32e40p_pkg.sv:618]
WARNING: [Synth 8-11067] parameter 'OP_B_REGB_OR_FWD' declared inside package 'cv32e40p_pkg' shall be treated as localparam [/home/ubuntu/Desktop/ZUGA-IC-final/cv32e40p/rtl/include/cv32e40p_pkg.sv:621]
WARNING: [Synth 8-11067] parameter 'OP_B_REGC_OR_FWD' declared inside package 'cv32e40p_pkg' shall be treated as localparam [/home/ubuntu/Desktop/ZUGA-IC-final/cv32e40p/rtl/include/cv32e40p_pkg.sv:622]
WARNING: [Synth 8-11067] parameter 'OP_B_IMM' declared inside package 'cv32e40p_pkg' shall be treated as localparam [/home/ubuntu/Desktop/ZUGA-IC-final/cv32e40p/rtl/include/cv32e40p_pkg.sv:623]
WARNING: [Synth 8-11067] parameter 'OP_B_REGA_OR_FWD' declared inside package 'cv32e40p_pkg' shall be treated as localparam [/home/ubuntu/Desktop/ZUGA-IC-final/cv32e40p/rtl/include/cv32e40p_pkg.sv:624]
WARNING: [Synth 8-11067] parameter 'OP_B_BMASK' declared inside package 'cv32e40p_pkg' shall be treated as localparam [/home/ubuntu/Desktop/ZUGA-IC-final/cv32e40p/rtl/include/cv32e40p_pkg.sv:625]
WARNING: [Synth 8-11067] parameter 'IMMB_I' declared inside package 'cv32e40p_pkg' shall be treated as localparam [/home/ubuntu/Desktop/ZUGA-IC-final/cv32e40p/rtl/include/cv32e40p_pkg.sv:628]
WARNING: [Synth 8-11067] parameter 'IMMB_S' declared inside package 'cv32e40p_pkg' shall be treated as localparam [/home/ubuntu/Desktop/ZUGA-IC-final/cv32e40p/rtl/include/cv32e40p_pkg.sv:629]
WARNING: [Synth 8-11067] parameter 'IMMB_U' declared inside package 'cv32e40p_pkg' shall be treated as localparam [/home/ubuntu/Desktop/ZUGA-IC-final/cv32e40p/rtl/include/cv32e40p_pkg.sv:630]
WARNING: [Synth 8-11067] parameter 'IMMB_PCINCR' declared inside package 'cv32e40p_pkg' shall be treated as localparam [/home/ubuntu/Desktop/ZUGA-IC-final/cv32e40p/rtl/include/cv32e40p_pkg.sv:631]
WARNING: [Synth 8-11067] parameter 'IMMB_S2' declared inside package 'cv32e40p_pkg' shall be treated as localparam [/home/ubuntu/Desktop/ZUGA-IC-final/cv32e40p/rtl/include/cv32e40p_pkg.sv:632]
WARNING: [Synth 8-11067] parameter 'IMMB_S3' declared inside package 'cv32e40p_pkg' shall be treated as localparam [/home/ubuntu/Desktop/ZUGA-IC-final/cv32e40p/rtl/include/cv32e40p_pkg.sv:633]
WARNING: [Synth 8-11067] parameter 'IMMB_VS' declared inside package 'cv32e40p_pkg' shall be treated as localparam [/home/ubuntu/Desktop/ZUGA-IC-final/cv32e40p/rtl/include/cv32e40p_pkg.sv:634]
WARNING: [Synth 8-11067] parameter 'IMMB_VU' declared inside package 'cv32e40p_pkg' shall be treated as localparam [/home/ubuntu/Desktop/ZUGA-IC-final/cv32e40p/rtl/include/cv32e40p_pkg.sv:635]
WARNING: [Synth 8-11067] parameter 'IMMB_SHUF' declared inside package 'cv32e40p_pkg' shall be treated as localparam [/home/ubuntu/Desktop/ZUGA-IC-final/cv32e40p/rtl/include/cv32e40p_pkg.sv:636]
WARNING: [Synth 8-11067] parameter 'IMMB_CLIP' declared inside package 'cv32e40p_pkg' shall be treated as localparam [/home/ubuntu/Desktop/ZUGA-IC-final/cv32e40p/rtl/include/cv32e40p_pkg.sv:637]
WARNING: [Synth 8-11067] parameter 'IMMB_BI' declared inside package 'cv32e40p_pkg' shall be treated as localparam [/home/ubuntu/Desktop/ZUGA-IC-final/cv32e40p/rtl/include/cv32e40p_pkg.sv:638]
WARNING: [Synth 8-11067] parameter 'BMASK_A_ZERO' declared inside package 'cv32e40p_pkg' shall be treated as localparam [/home/ubuntu/Desktop/ZUGA-IC-final/cv32e40p/rtl/include/cv32e40p_pkg.sv:641]
WARNING: [Synth 8-11067] parameter 'BMASK_A_S3' declared inside package 'cv32e40p_pkg' shall be treated as localparam [/home/ubuntu/Desktop/ZUGA-IC-final/cv32e40p/rtl/include/cv32e40p_pkg.sv:642]
WARNING: [Synth 8-11067] parameter 'BMASK_B_S2' declared inside package 'cv32e40p_pkg' shall be treated as localparam [/home/ubuntu/Desktop/ZUGA-IC-final/cv32e40p/rtl/include/cv32e40p_pkg.sv:644]
WARNING: [Synth 8-11067] parameter 'BMASK_B_S3' declared inside package 'cv32e40p_pkg' shall be treated as localparam [/home/ubuntu/Desktop/ZUGA-IC-final/cv32e40p/rtl/include/cv32e40p_pkg.sv:645]
WARNING: [Synth 8-11067] parameter 'BMASK_B_ZERO' declared inside package 'cv32e40p_pkg' shall be treated as localparam [/home/ubuntu/Desktop/ZUGA-IC-final/cv32e40p/rtl/include/cv32e40p_pkg.sv:646]
WARNING: [Synth 8-11067] parameter 'BMASK_B_ONE' declared inside package 'cv32e40p_pkg' shall be treated as localparam [/home/ubuntu/Desktop/ZUGA-IC-final/cv32e40p/rtl/include/cv32e40p_pkg.sv:647]
WARNING: [Synth 8-11067] parameter 'BMASK_A_REG' declared inside package 'cv32e40p_pkg' shall be treated as localparam [/home/ubuntu/Desktop/ZUGA-IC-final/cv32e40p/rtl/include/cv32e40p_pkg.sv:649]
WARNING: [Synth 8-11067] parameter 'BMASK_A_IMM' declared inside package 'cv32e40p_pkg' shall be treated as localparam [/home/ubuntu/Desktop/ZUGA-IC-final/cv32e40p/rtl/include/cv32e40p_pkg.sv:650]
WARNING: [Synth 8-11067] parameter 'BMASK_B_REG' declared inside package 'cv32e40p_pkg' shall be treated as localparam [/home/ubuntu/Desktop/ZUGA-IC-final/cv32e40p/rtl/include/cv32e40p_pkg.sv:651]
WARNING: [Synth 8-11067] parameter 'BMASK_B_IMM' declared inside package 'cv32e40p_pkg' shall be treated as localparam [/home/ubuntu/Desktop/ZUGA-IC-final/cv32e40p/rtl/include/cv32e40p_pkg.sv:652]
WARNING: [Synth 8-11067] parameter 'MIMM_ZERO' declared inside package 'cv32e40p_pkg' shall be treated as localparam [/home/ubuntu/Desktop/ZUGA-IC-final/cv32e40p/rtl/include/cv32e40p_pkg.sv:656]
WARNING: [Synth 8-11067] parameter 'MIMM_S3' declared inside package 'cv32e40p_pkg' shall be treated as localparam [/home/ubuntu/Desktop/ZUGA-IC-final/cv32e40p/rtl/include/cv32e40p_pkg.sv:657]
WARNING: [Synth 8-11067] parameter 'OP_C_REGC_OR_FWD' declared inside package 'cv32e40p_pkg' shall be treated as localparam [/home/ubuntu/Desktop/ZUGA-IC-final/cv32e40p/rtl/include/cv32e40p_pkg.sv:660]
WARNING: [Synth 8-11067] parameter 'OP_C_REGB_OR_FWD' declared inside package 'cv32e40p_pkg' shall be treated as localparam [/home/ubuntu/Desktop/ZUGA-IC-final/cv32e40p/rtl/include/cv32e40p_pkg.sv:661]
WARNING: [Synth 8-11067] parameter 'OP_C_JT' declared inside package 'cv32e40p_pkg' shall be treated as localparam [/home/ubuntu/Desktop/ZUGA-IC-final/cv32e40p/rtl/include/cv32e40p_pkg.sv:662]
WARNING: [Synth 8-11067] parameter 'BRANCH_NONE' declared inside package 'cv32e40p_pkg' shall be treated as localparam [/home/ubuntu/Desktop/ZUGA-IC-final/cv32e40p/rtl/include/cv32e40p_pkg.sv:665]
WARNING: [Synth 8-11067] parameter 'BRANCH_JAL' declared inside package 'cv32e40p_pkg' shall be treated as localparam [/home/ubuntu/Desktop/ZUGA-IC-final/cv32e40p/rtl/include/cv32e40p_pkg.sv:666]
WARNING: [Synth 8-11067] parameter 'BRANCH_JALR' declared inside package 'cv32e40p_pkg' shall be treated as localparam [/home/ubuntu/Desktop/ZUGA-IC-final/cv32e40p/rtl/include/cv32e40p_pkg.sv:667]
WARNING: [Synth 8-11067] parameter 'BRANCH_COND' declared inside package 'cv32e40p_pkg' shall be treated as localparam [/home/ubuntu/Desktop/ZUGA-IC-final/cv32e40p/rtl/include/cv32e40p_pkg.sv:668]
WARNING: [Synth 8-11067] parameter 'JT_JAL' declared inside package 'cv32e40p_pkg' shall be treated as localparam [/home/ubuntu/Desktop/ZUGA-IC-final/cv32e40p/rtl/include/cv32e40p_pkg.sv:671]
WARNING: [Synth 8-11067] parameter 'JT_JALR' declared inside package 'cv32e40p_pkg' shall be treated as localparam [/home/ubuntu/Desktop/ZUGA-IC-final/cv32e40p/rtl/include/cv32e40p_pkg.sv:672]
INFO: [Common 17-14] Message 'Synth 8-11067' appears 100 times and further instances of the messages will be disabled. Use the Tcl command set_msg_config to change the current settings.
WARNING: [Synth 8-6901] identifier 'rx_done_pulse' is used before its declaration [/home/ubuntu/Desktop/ZUGA-IC-final/rtl/uart_axi.sv:213]
INFO: [Synth 8-6157] synthesizing module 'fpga_top_axi' [/home/ubuntu/Desktop/ZUGA-IC-final/rtl/fpga_top_axi.sv:10]
INFO: [Synth 8-6157] synthesizing module 'BUFG' [/home/ubuntu/vivado/2025.2/Vivado/scripts/rt/data/unisim_comp.v:2678]
INFO: [Synth 8-6155] done synthesizing module 'BUFG' (0#1) [/home/ubuntu/vivado/2025.2/Vivado/scripts/rt/data/unisim_comp.v:2678]
INFO: [Synth 8-6157] synthesizing module 'soc_top_axi' [/home/ubuntu/Desktop/ZUGA-IC-final/rtl/soc_top_axi.sv:22]
INFO: [Synth 8-3876] $readmem data file 'bootloader.hex' is read successfully [/home/ubuntu/Desktop/ZUGA-IC-final/rtl/soc_top_axi.sv:170]
INFO: [Synth 8-3876] $readmem data file 'demo_prog.hex' is read successfully [/home/ubuntu/Desktop/ZUGA-IC-final/rtl/soc_top_axi.sv:171]
INFO: [Synth 8-6157] synthesizing module 'cv32e40p_core' [/home/ubuntu/Desktop/ZUGA-IC-final/cv32e40p/rtl/cv32e40p_core.sv:31]
	Parameter COREV_PULP bound to: 0 - type: integer 
	Parameter COREV_CLUSTER bound to: 0 - type: integer 
	Parameter FPU bound to: 0 - type: integer 
	Parameter FPU_ADDMUL_LAT bound to: 0 - type: integer 
	Parameter FPU_OTHERS_LAT bound to: 0 - type: integer 
	Parameter ZFINX bound to: 0 - type: integer 
	Parameter NUM_MHPMCOUNTERS bound to: 1 - type: integer 
INFO: [Synth 8-6157] synthesizing module 'cv32e40p_sleep_unit' [/home/ubuntu/Desktop/ZUGA-IC-final/cv32e40p/rtl/cv32e40p_sleep_unit.sv:56]
	Parameter COREV_CLUSTER bound to: 0 - type: integer 
INFO: [Synth 8-6157] synthesizing module 'cv32e40p_clock_gate' [/home/ubuntu/Desktop/ZUGA-IC-final/cv32e40p/bhv/cv32e40p_sim_clock_gate.sv:15]
INFO: [Synth 8-6155] done synthesizing module 'cv32e40p_clock_gate' (0#1) [/home/ubuntu/Desktop/ZUGA-IC-final/cv32e40p/bhv/cv32e40p_sim_clock_gate.sv:15]
INFO: [Synth 8-6155] done synthesizing module 'cv32e40p_sleep_unit' (0#1) [/home/ubuntu/Desktop/ZUGA-IC-final/cv32e40p/rtl/cv32e40p_sleep_unit.sv:56]
INFO: [Synth 8-6157] synthesizing module 'cv32e40p_if_stage' [/home/ubuntu/Desktop/ZUGA-IC-final/cv32e40p/rtl/cv32e40p_if_stage.sv:28]
	Parameter COREV_PULP bound to: 0 - type: integer 
	Parameter PULP_OBI bound to: 0 - type: integer 
	Parameter PULP_SECURE bound to: 0 - type: integer 
	Parameter FPU bound to: 0 - type: integer 
	Parameter ZFINX bound to: 0 - type: integer 
INFO: [Synth 8-294] found qualifier unique on case statement: implementing as parallel_case [/home/ubuntu/Desktop/ZUGA-IC-final/cv32e40p/rtl/cv32e40p_if_stage.sv:132]
INFO: [Synth 8-294] found qualifier unique on case statement: implementing as parallel_case [/home/ubuntu/Desktop/ZUGA-IC-final/cv32e40p/rtl/cv32e40p_if_stage.sv:138]
INFO: [Synth 8-294] found qualifier unique on case statement: implementing as parallel_case [/home/ubuntu/Desktop/ZUGA-IC-final/cv32e40p/rtl/cv32e40p_if_stage.sv:144]
INFO: [Synth 8-294] found qualifier unique on case statement: implementing as parallel_case [/home/ubuntu/Desktop/ZUGA-IC-final/cv32e40p/rtl/cv32e40p_if_stage.sv:159]
INFO: [Synth 8-6157] synthesizing module 'cv32e40p_prefetch_buffer' [/home/ubuntu/Desktop/ZUGA-IC-final/cv32e40p/rtl/cv32e40p_prefetch_buffer.sv:27]
	Parameter PULP_OBI bound to: 0 - type: integer 
	Parameter COREV_PULP bound to: 0 - type: integer 
INFO: [Synth 8-6157] synthesizing module 'cv32e40p_prefetch_controller' [/home/ubuntu/Desktop/ZUGA-IC-final/cv32e40p/rtl/cv32e40p_prefetch_controller.sv:40]
	Parameter PULP_OBI bound to: 0 - type: integer 
	Parameter COREV_PULP bound to: 0 - type: integer 
	Parameter DEPTH bound to: 2 - type: integer 
INFO: [Synth 8-6155] done synthesizing module 'cv32e40p_prefetch_controller' (0#1) [/home/ubuntu/Desktop/ZUGA-IC-final/cv32e40p/rtl/cv32e40p_prefetch_controller.sv:40]
INFO: [Synth 8-6157] synthesizing module 'cv32e40p_fifo' [/home/ubuntu/Desktop/ZUGA-IC-final/cv32e40p/rtl/cv32e40p_fifo.sv:15]
	Parameter FALL_THROUGH bound to: 1'b0 
	Parameter DATA_WIDTH bound to: 32'b00000000000000000000000000100000 
	Parameter DEPTH bound to: 2 - type: integer 
INFO: [Synth 8-294] found qualifier unique on case statement: implementing as parallel_case [/home/ubuntu/Desktop/ZUGA-IC-final/cv32e40p/rtl/cv32e40p_fifo.sv:117]
INFO: [Synth 8-6155] done synthesizing module 'cv32e40p_fifo' (0#1) [/home/ubuntu/Desktop/ZUGA-IC-final/cv32e40p/rtl/cv32e40p_fifo.sv:15]
INFO: [Synth 8-6157] synthesizing module 'cv32e40p_obi_interface' [/home/ubuntu/Desktop/ZUGA-IC-final/cv32e40p/rtl/cv32e40p_obi_interface.sv:38]
	Parameter TRANS_STABLE bound to: 0 - type: integer 
INFO: [Synth 8-6155] done synthesizing module 'cv32e40p_obi_interface' (0#1) [/home/ubuntu/Desktop/ZUGA-IC-final/cv32e40p/rtl/cv32e40p_obi_interface.sv:38]
INFO: [Synth 8-6155] done synthesizing module 'cv32e40p_prefetch_buffer' (0#1) [/home/ubuntu/Desktop/ZUGA-IC-final/cv32e40p/rtl/cv32e40p_prefetch_buffer.sv:27]
INFO: [Synth 8-6157] synthesizing module 'cv32e40p_aligner' [/home/ubuntu/Desktop/ZUGA-IC-final/cv32e40p/rtl/cv32e40p_aligner.sv:23]
INFO: [Synth 8-155] case statement is not full and has no default [/home/ubuntu/Desktop/ZUGA-IC-final/cv32e40p/rtl/cv32e40p_aligner.sv:102]
INFO: [Synth 8-6155] done synthesizing module 'cv32e40p_aligner' (0#1) [/home/ubuntu/Desktop/ZUGA-IC-final/cv32e40p/rtl/cv32e40p_aligner.sv:23]
INFO: [Synth 8-6157] synthesizing module 'cv32e40p_compressed_decoder' [/home/ubuntu/Desktop/ZUGA-IC-final/cv32e40p/rtl/cv32e40p_compressed_decoder.sv:27]
	Parameter FPU bound to: 0 - type: integer 
	Parameter ZFINX bound to: 0 - type: integer 
INFO: [Synth 8-294] found qualifier unique on case statement: implementing as parallel_case [/home/ubuntu/Desktop/ZUGA-IC-final/cv32e40p/rtl/cv32e40p_compressed_decoder.sv:52]
INFO: [Synth 8-294] found qualifier unique on case statement: implementing as parallel_case [/home/ubuntu/Desktop/ZUGA-IC-final/cv32e40p/rtl/cv32e40p_compressed_decoder.sv:55]
INFO: [Synth 8-294] found qualifier unique on case statement: implementing as parallel_case [/home/ubuntu/Desktop/ZUGA-IC-final/cv32e40p/rtl/cv32e40p_compressed_decoder.sv:195]
INFO: [Synth 8-294] found qualifier unique on case statement: implementing as parallel_case [/home/ubuntu/Desktop/ZUGA-IC-final/cv32e40p/rtl/cv32e40p_compressed_decoder.sv:272]
INFO: [Synth 8-294] found qualifier unique on case statement: implementing as parallel_case [/home/ubuntu/Desktop/ZUGA-IC-final/cv32e40p/rtl/cv32e40p_compressed_decoder.sv:339]
INFO: [Synth 8-294] found qualifier unique on case statement: implementing as parallel_case [/home/ubuntu/Desktop/ZUGA-IC-final/cv32e40p/rtl/cv32e40p_compressed_decoder.sv:436]
INFO: [Synth 8-6155] done synthesizing module 'cv32e40p_compressed_decoder' (0#1) [/home/ubuntu/Desktop/ZUGA-IC-final/cv32e40p/rtl/cv32e40p_compressed_decoder.sv:27]
INFO: [Synth 8-6155] done synthesizing module 'cv32e40p_if_stage' (0#1) [/home/ubuntu/Desktop/ZUGA-IC-final/cv32e40p/rtl/cv32e40p_if_stage.sv:28]
INFO: [Synth 8-6157] synthesizing module 'cv32e40p_id_stage' [/home/ubuntu/Desktop/ZUGA-IC-final/cv32e40p/rtl/cv32e40p_id_stage.sv:30]
	Parameter COREV_PULP bound to: 0 - type: integer 
	Parameter COREV_CLUSTER bound to: 0 - type: integer 
	Parameter N_HWLP bound to: 2 - type: integer 
	Parameter PULP_SECURE bound to: 0 - type: integer 
	Parameter USE_PMP bound to: 0 - type: integer 
	Parameter A_EXTENSION bound to: 0 - type: integer 
	Parameter APU bound to: 0 - type: integer 
	Parameter FPU bound to: 0 - type: integer 
	Parameter FPU_ADDMUL_LAT bound to: 0 - type: integer 
	Parameter FPU_OTHERS_LAT bound to: 0 - type: integer 
	Parameter ZFINX bound to: 0 - type: integer 
	Parameter APU_NARGS_CPU bound to: 3 - type: integer 
	Parameter APU_WOP_CPU bound to: 6 - type: integer 
	Parameter APU_NDSFLAGS_CPU bound to: 15 - type: integer 
	Parameter APU_NUSFLAGS_CPU bound to: 5 - type: integer 
	Parameter DEBUG_TRIGGER_EN bound to: 1 - type: integer 
INFO: [Synth 8-294] found qualifier unique on case statement: implementing as parallel_case [/home/ubuntu/Desktop/ZUGA-IC-final/cv32e40p/rtl/cv32e40p_id_stage.sv:525]
INFO: [Synth 8-294] found qualifier unique on case statement: implementing as parallel_case [/home/ubuntu/Desktop/ZUGA-IC-final/cv32e40p/rtl/cv32e40p_id_stage.sv:574]
INFO: [Synth 8-294] found qualifier unique on case statement: implementing as parallel_case [/home/ubuntu/Desktop/ZUGA-IC-final/cv32e40p/rtl/cv32e40p_id_stage.sv:610]
INFO: [Synth 8-294] found qualifier unique on case statement: implementing as parallel_case [/home/ubuntu/Desktop/ZUGA-IC-final/cv32e40p/rtl/cv32e40p_id_stage.sv:638]
INFO: [Synth 8-294] found qualifier unique on case statement: implementing as parallel_case [/home/ubuntu/Desktop/ZUGA-IC-final/cv32e40p/rtl/cv32e40p_id_stage.sv:749]
INFO: [Synth 8-294] found qualifier unique on case statement: implementing as parallel_case [/home/ubuntu/Desktop/ZUGA-IC-final/cv32e40p/rtl/cv32e40p_id_stage.sv:755]
INFO: [Synth 8-294] found qualifier unique on case statement: implementing as parallel_case [/home/ubuntu/Desktop/ZUGA-IC-final/cv32e40p/rtl/cv32e40p_id_stage.sv:764]
INFO: [Synth 8-294] found qualifier unique on case statement: implementing as parallel_case [/home/ubuntu/Desktop/ZUGA-IC-final/cv32e40p/rtl/cv32e40p_id_stage.sv:770]
INFO: [Synth 8-294] found qualifier unique on case statement: implementing as parallel_case [/home/ubuntu/Desktop/ZUGA-IC-final/cv32e40p/rtl/cv32e40p_id_stage.sv:785]
INFO: [Synth 8-6157] synthesizing module 'cv32e40p_register_file' [/home/ubuntu/Desktop/ZUGA-IC-final/cv32e40p/rtl/cv32e40p_register_file_ff.sv:30]
	Parameter ADDR_WIDTH bound to: 6 - type: integer 
	Parameter DATA_WIDTH bound to: 32 - type: integer 
	Parameter FPU bound to: 0 - type: integer 
	Parameter ZFINX bound to: 0 - type: integer 
INFO: [Synth 8-6155] done synthesizing module 'cv32e40p_register_file' (0#1) [/home/ubuntu/Desktop/ZUGA-IC-final/cv32e40p/rtl/cv32e40p_register_file_ff.sv:30]
INFO: [Synth 8-6157] synthesizing module 'cv32e40p_decoder' [/home/ubuntu/Desktop/ZUGA-IC-final/cv32e40p/rtl/cv32e40p_decoder.sv:28]
	Parameter COREV_PULP bound to: 0 - type: integer 
	Parameter COREV_CLUSTER bound to: 0 - type: integer 
	Parameter A_EXTENSION bound to: 0 - type: integer 
	Parameter FPU bound to: 0 - type: integer 
	Parameter FPU_ADDMUL_LAT bound to: 0 - type: integer 
	Parameter FPU_OTHERS_LAT bound to: 0 - type: integer 
	Parameter ZFINX bound to: 0 - type: integer 
	Parameter PULP_SECURE bound to: 0 - type: integer 
	Parameter USE_PMP bound to: 0 - type: integer 
	Parameter APU_WOP_CPU bound to: 6 - type: integer 
	Parameter DEBUG_TRIGGER_EN bound to: 1 - type: integer 
INFO: [Synth 8-294] found qualifier unique on case statement: implementing as parallel_case [/home/ubuntu/Desktop/ZUGA-IC-final/cv32e40p/rtl/cv32e40p_decoder.sv:293]
INFO: [Synth 8-294] found qualifier unique on case statement: implementing as parallel_case [/home/ubuntu/Desktop/ZUGA-IC-final/cv32e40p/rtl/cv32e40p_decoder.sv:342]
INFO: [Synth 8-294] found qualifier unique on case statement: implementing as parallel_case [/home/ubuntu/Desktop/ZUGA-IC-final/cv32e40p/rtl/cv32e40p_decoder.sv:376]
INFO: [Synth 8-294] found qualifier unique on case statement: implementing as parallel_case [/home/ubuntu/Desktop/ZUGA-IC-final/cv32e40p/rtl/cv32e40p_decoder.sv:401]
INFO: [Synth 8-294] found qualifier unique on case statement: implementing as parallel_case [/home/ubuntu/Desktop/ZUGA-IC-final/cv32e40p/rtl/cv32e40p_decoder.sv:487]
INFO: [Synth 8-294] found qualifier unique on case statement: implementing as parallel_case [/home/ubuntu/Desktop/ZUGA-IC-final/cv32e40p/rtl/cv32e40p_decoder.sv:925]
INFO: [Synth 8-294] found qualifier unique on case statement: implementing as parallel_case [/home/ubuntu/Desktop/ZUGA-IC-final/cv32e40p/rtl/cv32e40p_decoder.sv:2683]
INFO: [Synth 8-294] found qualifier unique on case statement: implementing as parallel_case [/home/ubuntu/Desktop/ZUGA-IC-final/cv32e40p/rtl/cv32e40p_decoder.sv:2704]
INFO: [Synth 8-294] found qualifier unique on case statement: implementing as parallel_case [/home/ubuntu/Desktop/ZUGA-IC-final/cv32e40p/rtl/cv32e40p_decoder.sv:2775]
INFO: [Synth 8-6155] done synthesizing module 'cv32e40p_decoder' (0#1) [/home/ubuntu/Desktop/ZUGA-IC-final/cv32e40p/rtl/cv32e40p_decoder.sv:28]
INFO: [Synth 8-6157] synthesizing module 'cv32e40p_controller' [/home/ubuntu/Desktop/ZUGA-IC-final/cv32e40p/rtl/cv32e40p_controller.sv:31]
	Parameter COREV_CLUSTER bound to: 0 - type: integer 
	Parameter COREV_PULP bound to: 0 - type: integer 
	Parameter FPU bound to: 0 - type: integer 
INFO: [Synth 8-294] found qualifier unique on case statement: implementing as parallel_case [/home/ubuntu/Desktop/ZUGA-IC-final/cv32e40p/rtl/cv32e40p_controller.sv:330]
INFO: [Synth 8-294] found qualifier unique on case statement: implementing as parallel_case [/home/ubuntu/Desktop/ZUGA-IC-final/cv32e40p/rtl/cv32e40p_controller.sv:541]
INFO: [Synth 8-294] found qualifier unique on case statement: implementing as parallel_case [/home/ubuntu/Desktop/ZUGA-IC-final/cv32e40p/rtl/cv32e40p_controller.sv:677]
INFO: [Synth 8-294] found qualifier unique on case statement: implementing as parallel_case [/home/ubuntu/Desktop/ZUGA-IC-final/cv32e40p/rtl/cv32e40p_controller.sv:932]
INFO: [Synth 8-294] found qualifier unique on case statement: implementing as parallel_case [/home/ubuntu/Desktop/ZUGA-IC-final/cv32e40p/rtl/cv32e40p_controller.sv:1054]
INFO: [Synth 8-294] found qualifier unique on case statement: implementing as parallel_case [/home/ubuntu/Desktop/ZUGA-IC-final/cv32e40p/rtl/cv32e40p_controller.sv:1122]
INFO: [Synth 8-6155] done synthesizing module 'cv32e40p_controller' (0#1) [/home/ubuntu/Desktop/ZUGA-IC-final/cv32e40p/rtl/cv32e40p_controller.sv:31]
INFO: [Synth 8-6157] synthesizing module 'cv32e40p_int_controller' [/home/ubuntu/Desktop/ZUGA-IC-final/cv32e40p/rtl/cv32e40p_int_controller.sv:24]
	Parameter PULP_SECURE bound to: 0 - type: integer 
INFO: [Synth 8-6155] done synthesizing module 'cv32e40p_int_controller' (0#1) [/home/ubuntu/Desktop/ZUGA-IC-final/cv32e40p/rtl/cv32e40p_int_controller.sv:24]
INFO: [Synth 8-6155] done synthesizing module 'cv32e40p_id_stage' (0#1) [/home/ubuntu/Desktop/ZUGA-IC-final/cv32e40p/rtl/cv32e40p_id_stage.sv:30]
INFO: [Synth 8-6157] synthesizing module 'cv32e40p_ex_stage' [/home/ubuntu/Desktop/ZUGA-IC-final/cv32e40p/rtl/cv32e40p_ex_stage.sv:32]
	Parameter COREV_PULP bound to: 0 - type: integer 
	Parameter FPU bound to: 0 - type: integer 
	Parameter APU_NARGS_CPU bound to: 3 - type: integer 
	Parameter APU_WOP_CPU bound to: 6 - type: integer 
	Parameter APU_NDSFLAGS_CPU bound to: 15 - type: integer 
	Parameter APU_NUSFLAGS_CPU bound to: 5 - type: integer 
INFO: [Synth 8-6157] synthesizing module 'cv32e40p_alu' [/home/ubuntu/Desktop/ZUGA-IC-final/cv32e40p/rtl/cv32e40p_alu.sv:28]
INFO: [Synth 8-155] case statement is not full and has no default [/home/ubuntu/Desktop/ZUGA-IC-final/cv32e40p/rtl/cv32e40p_alu.sv:139]
INFO: [Synth 8-155] case statement is not full and has no default [/home/ubuntu/Desktop/ZUGA-IC-final/cv32e40p/rtl/cv32e40p_alu.sv:153]
INFO: [Synth 8-294] found qualifier unique on case statement: implementing as parallel_case [/home/ubuntu/Desktop/ZUGA-IC-final/cv32e40p/rtl/cv32e40p_alu.sv:348]
INFO: [Synth 8-294] found qualifier unique on case statement: implementing as parallel_case [/home/ubuntu/Desktop/ZUGA-IC-final/cv32e40p/rtl/cv32e40p_alu.sv:416]
INFO: [Synth 8-294] found qualifier unique on case statement: implementing as parallel_case [/home/ubuntu/Desktop/ZUGA-IC-final/cv32e40p/rtl/cv32e40p_alu.sv:499]
INFO: [Synth 8-294] found qualifier unique on case statement: implementing as parallel_case [/home/ubuntu/Desktop/ZUGA-IC-final/cv32e40p/rtl/cv32e40p_alu.sv:535]
INFO: [Synth 8-294] found qualifier unique on case statement: implementing as parallel_case [/home/ubuntu/Desktop/ZUGA-IC-final/cv32e40p/rtl/cv32e40p_alu.sv:554]
INFO: [Synth 8-294] found qualifier unique on case statement: implementing as parallel_case [/home/ubuntu/Desktop/ZUGA-IC-final/cv32e40p/rtl/cv32e40p_alu.sv:557]
INFO: [Synth 8-294] found qualifier unique on case statement: implementing as parallel_case [/home/ubuntu/Desktop/ZUGA-IC-final/cv32e40p/rtl/cv32e40p_alu.sv:591]
INFO: [Synth 8-294] found qualifier unique on case statement: implementing as parallel_case [/home/ubuntu/Desktop/ZUGA-IC-final/cv32e40p/rtl/cv32e40p_alu.sv:593]
INFO: [Synth 8-294] found qualifier unique on case statement: implementing as parallel_case [/home/ubuntu/Desktop/ZUGA-IC-final/cv32e40p/rtl/cv32e40p_alu.sv:613]
INFO: [Synth 8-294] found qualifier unique on case statement: implementing as parallel_case [/home/ubuntu/Desktop/ZUGA-IC-final/cv32e40p/rtl/cv32e40p_alu.sv:633]
INFO: [Synth 8-294] found qualifier unique on case statement: implementing as parallel_case [/home/ubuntu/Desktop/ZUGA-IC-final/cv32e40p/rtl/cv32e40p_alu.sv:653]
INFO: [Synth 8-6157] synthesizing module 'cv32e40p_popcnt' [/home/ubuntu/Desktop/ZUGA-IC-final/cv32e40p/rtl/cv32e40p_popcnt.sv:25]
INFO: [Synth 8-6155] done synthesizing module 'cv32e40p_popcnt' (0#1) [/home/ubuntu/Desktop/ZUGA-IC-final/cv32e40p/rtl/cv32e40p_popcnt.sv:25]
INFO: [Synth 8-155] case statement is not full and has no default [/home/ubuntu/Desktop/ZUGA-IC-final/cv32e40p/rtl/cv32e40p_alu.sv:752]
INFO: [Synth 8-6157] synthesizing module 'cv32e40p_ff_one' [/home/ubuntu/Desktop/ZUGA-IC-final/cv32e40p/rtl/cv32e40p_ff_one.sv:25]
INFO: [Synth 8-6155] done synthesizing module 'cv32e40p_ff_one' (0#1) [/home/ubuntu/Desktop/ZUGA-IC-final/cv32e40p/rtl/cv32e40p_ff_one.sv:25]
INFO: [Synth 8-294] found qualifier unique on case statement: implementing as parallel_case [/home/ubuntu/Desktop/ZUGA-IC-final/cv32e40p/rtl/cv32e40p_alu.sv:863]
INFO: [Synth 8-6157] synthesizing module 'cv32e40p_alu_div' [/home/ubuntu/Desktop/ZUGA-IC-final/cv32e40p/rtl/cv32e40p_alu_div.sv:26]
INFO: [Synth 8-6155] done synthesizing module 'cv32e40p_alu_div' (0#1) [/home/ubuntu/Desktop/ZUGA-IC-final/cv32e40p/rtl/cv32e40p_alu_div.sv:26]
INFO: [Synth 8-294] found qualifier unique on case statement: implementing as parallel_case [/home/ubuntu/Desktop/ZUGA-IC-final/cv32e40p/rtl/cv32e40p_alu.sv:931]
INFO: [Synth 8-6155] done synthesizing module 'cv32e40p_alu' (0#1) [/home/ubuntu/Desktop/ZUGA-IC-final/cv32e40p/rtl/cv32e40p_alu.sv:28]
INFO: [Synth 8-6157] synthesizing module 'cv32e40p_mult' [/home/ubuntu/Desktop/ZUGA-IC-final/cv32e40p/rtl/cv32e40p_mult.sv:26]
INFO: [Synth 8-155] case statement is not full and has no default [/home/ubuntu/Desktop/ZUGA-IC-final/cv32e40p/rtl/cv32e40p_mult.sv:140]
INFO: [Synth 8-294] found qualifier unique on case statement: implementing as parallel_case [/home/ubuntu/Desktop/ZUGA-IC-final/cv32e40p/rtl/cv32e40p_mult.sv:326]
INFO: [Synth 8-6155] done synthesizing module 'cv32e40p_mult' (0#1) [/home/ubuntu/Desktop/ZUGA-IC-final/cv32e40p/rtl/cv32e40p_mult.sv:26]
INFO: [Synth 8-6155] done synthesizing module 'cv32e40p_ex_stage' (0#1) [/home/ubuntu/Desktop/ZUGA-IC-final/cv32e40p/rtl/cv32e40p_ex_stage.sv:32]
INFO: [Synth 8-6157] synthesizing module 'cv32e40p_load_store_unit' [/home/ubuntu/Desktop/ZUGA-IC-final/cv32e40p/rtl/cv32e40p_load_store_unit.sv:26]
	Parameter PULP_OBI bound to: 0 - type: integer 
INFO: [Synth 8-155] case statement is not full and has no default [/home/ubuntu/Desktop/ZUGA-IC-final/cv32e40p/rtl/cv32e40p_load_store_unit.sv:332]
INFO: [Synth 8-294] found qualifier unique on case statement: implementing as parallel_case [/home/ubuntu/Desktop/ZUGA-IC-final/cv32e40p/rtl/cv32e40p_load_store_unit.sv:419]
INFO: [Synth 8-6157] synthesizing module 'cv32e40p_obi_interface__parameterized0' [/home/ubuntu/Desktop/ZUGA-IC-final/cv32e40p/rtl/cv32e40p_obi_interface.sv:38]
	Parameter TRANS_STABLE bound to: 1 - type: integer 
INFO: [Synth 8-6155] done synthesizing module 'cv32e40p_obi_interface__parameterized0' (0#1) [/home/ubuntu/Desktop/ZUGA-IC-final/cv32e40p/rtl/cv32e40p_obi_interface.sv:38]
INFO: [Synth 8-6155] done synthesizing module 'cv32e40p_load_store_unit' (0#1) [/home/ubuntu/Desktop/ZUGA-IC-final/cv32e40p/rtl/cv32e40p_load_store_unit.sv:26]
INFO: [Synth 8-6157] synthesizing module 'cv32e40p_cs_registers' [/home/ubuntu/Desktop/ZUGA-IC-final/cv32e40p/rtl/cv32e40p_cs_registers.sv:30]
	Parameter N_HWLP bound to: 2 - type: integer 
	Parameter APU bound to: 0 - type: integer 
	Parameter A_EXTENSION bound to: 0 - type: integer 
	Parameter FPU bound to: 0 - type: integer 
	Parameter ZFINX bound to: 0 - type: integer 
	Parameter PULP_SECURE bound to: 0 - type: integer 
	Parameter USE_PMP bound to: 0 - type: integer 
	Parameter N_PMP_ENTRIES bound to: 16 - type: integer 
	Parameter NUM_MHPMCOUNTERS bound to: 1 - type: integer 
	Parameter COREV_PULP bound to: 0 - type: integer 
	Parameter COREV_CLUSTER bound to: 0 - type: integer 
	Parameter DEBUG_TRIGGER_EN bound to: 1 - type: integer 
INFO: [Synth 8-155] case statement is not full and has no default [/home/ubuntu/Desktop/ZUGA-IC-final/cv32e40p/rtl/cv32e40p_cs_registers.sv:920]
INFO: [Synth 8-294] found qualifier unique on case statement: implementing as parallel_case [/home/ubuntu/Desktop/ZUGA-IC-final/cv32e40p/rtl/cv32e40p_cs_registers.sv:1041]
INFO: [Synth 8-294] found qualifier unique on case statement: implementing as parallel_case [/home/ubuntu/Desktop/ZUGA-IC-final/cv32e40p/rtl/cv32e40p_cs_registers.sv:1044]
INFO: [Synth 8-6155] done synthesizing module 'cv32e40p_cs_registers' (0#1) [/home/ubuntu/Desktop/ZUGA-IC-final/cv32e40p/rtl/cv32e40p_cs_registers.sv:30]
INFO: [Synth 8-6155] done synthesizing module 'cv32e40p_core' (0#1) [/home/ubuntu/Desktop/ZUGA-IC-final/cv32e40p/rtl/cv32e40p_core.sv:31]
INFO: [Synth 8-6157] synthesizing module 'obi_to_axi_lite' [/home/ubuntu/Desktop/ZUGA-IC-final/rtl/obi_to_axi_lite.sv:33]
INFO: [Synth 8-6155] done synthesizing module 'obi_to_axi_lite' (0#1) [/home/ubuntu/Desktop/ZUGA-IC-final/rtl/obi_to_axi_lite.sv:33]
INFO: [Synth 8-6157] synthesizing module 'ram_axi' [/home/ubuntu/Desktop/ZUGA-IC-final/rtl/ram_axi.sv:14]
	Parameter SIZE_WORDS bound to: 2048 - type: integer 
	Parameter MEM_FILE bound to: (null) - type: string 
	Parameter WRITE_ENABLE bound to: 1'b1 
INFO: [Synth 8-226] default block is never used [/home/ubuntu/Desktop/ZUGA-IC-final/rtl/ram_axi.sv:130]
INFO: [Synth 8-6157] synthesizing module 'sky130_sram_1kbyte_1rw1r_32x256_8' [/home/ubuntu/Desktop/ZUGA-IC-final/tb/sky130_sram_1kbyte_1rw1r_32x256_8_sim.v:3]
INFO: [Synth 8-6155] done synthesizing module 'sky130_sram_1kbyte_1rw1r_32x256_8' (0#1) [/home/ubuntu/Desktop/ZUGA-IC-final/tb/sky130_sram_1kbyte_1rw1r_32x256_8_sim.v:3]
INFO: [Synth 8-6155] done synthesizing module 'ram_axi' (0#1) [/home/ubuntu/Desktop/ZUGA-IC-final/rtl/ram_axi.sv:14]
INFO: [Synth 8-6157] synthesizing module 'gpio_axi' [/home/ubuntu/Desktop/ZUGA-IC-final/rtl/gpio_axi.sv:11]
INFO: [Synth 8-6155] done synthesizing module 'gpio_axi' (0#1) [/home/ubuntu/Desktop/ZUGA-IC-final/rtl/gpio_axi.sv:11]
INFO: [Synth 8-6157] synthesizing module 'timer_axi' [/home/ubuntu/Desktop/ZUGA-IC-final/rtl/timer_axi.sv:21]
INFO: [Synth 8-226] default block is never used [/home/ubuntu/Desktop/ZUGA-IC-final/rtl/timer_axi.sv:205]
INFO: [Synth 8-6155] done synthesizing module 'timer_axi' (0#1) [/home/ubuntu/Desktop/ZUGA-IC-final/rtl/timer_axi.sv:21]
INFO: [Synth 8-6157] synthesizing module 'uart_axi' [/home/ubuntu/Desktop/ZUGA-IC-final/rtl/uart_axi.sv:22]
INFO: [Synth 8-226] default block is never used [/home/ubuntu/Desktop/ZUGA-IC-final/rtl/uart_axi.sv:236]
INFO: [Synth 8-226] default block is never used [/home/ubuntu/Desktop/ZUGA-IC-final/rtl/uart_axi.sv:318]
INFO: [Synth 8-6155] done synthesizing module 'uart_axi' (0#1) [/home/ubuntu/Desktop/ZUGA-IC-final/rtl/uart_axi.sv:22]
WARNING: [Synth 8-7071] port 'rx_i' of module 'uart_axi' is unconnected for instance 'u_uart0' [/home/ubuntu/Desktop/ZUGA-IC-final/rtl/soc_top_axi.sv:466]
WARNING: [Synth 8-7023] instance 'u_uart0' of module 'uart_axi' has 23 connections declared, but only 22 given [/home/ubuntu/Desktop/ZUGA-IC-final/rtl/soc_top_axi.sv:466]
INFO: [Synth 8-6157] synthesizing module 'i2c_master_axi' [/home/ubuntu/Desktop/ZUGA-IC-final/rtl/i2c_master_axi.sv:25]
INFO: [Synth 8-6155] done synthesizing module 'i2c_master_axi' (0#1) [/home/ubuntu/Desktop/ZUGA-IC-final/rtl/i2c_master_axi.sv:25]
INFO: [Synth 8-6157] synthesizing module 'yz_top' [/home/ubuntu/Desktop/ZUGA-IC-final/rtl/yz_top.sv:19]
	Parameter IN_H bound to: 32'sb00000000000000000000000000110001 
	Parameter IN_W bound to: 32'sb00000000000000000000000000101000 
	Parameter K_H bound to: 32'sb00000000000000000000000000001010 
	Parameter K_W bound to: 32'sb00000000000000000000000000001000 
	Parameter STRIDE bound to: 32'sb00000000000000000000000000000010 
	Parameter N_FILT bound to: 32'sb00000000000000000000000000001000 
	Parameter OUT_H bound to: 32'sb00000000000000000000000000011001 
	Parameter OUT_W bound to: 32'sb00000000000000000000000000010100 
	Parameter FEAT bound to: 32'sb00000000000000000000111110100000 
	Parameter FC_OUT bound to: 32'sb00000000000000000000000000000100 
	Parameter SHIFT bound to: 32'sb00000000000000000000000000001000 
	Parameter PAD_H bound to: 32'sb00000000000000000000000000000100 
	Parameter PAD_W bound to: 32'sb00000000000000000000000000000011 
INFO: [Synth 8-6157] synthesizing module 'yz_csr' [/home/ubuntu/Desktop/ZUGA-IC-final/rtl/yz_csr.sv:21]
INFO: [Synth 8-6155] done synthesizing module 'yz_csr' (0#1) [/home/ubuntu/Desktop/ZUGA-IC-final/rtl/yz_csr.sv:21]
INFO: [Synth 8-6157] synthesizing module 'yz_accel' [/home/ubuntu/Desktop/ZUGA-IC-final/rtl/yz_accel.sv:19]
	Parameter IN_H bound to: 32'sb00000000000000000000000000110001 
	Parameter IN_W bound to: 32'sb00000000000000000000000000101000 
	Parameter K_H bound to: 32'sb00000000000000000000000000001010 
	Parameter K_W bound to: 32'sb00000000000000000000000000001000 
	Parameter STRIDE bound to: 32'sb00000000000000000000000000000010 
	Parameter N_FILT bound to: 32'sb00000000000000000000000000001000 
	Parameter OUT_H bound to: 32'sb00000000000000000000000000011001 
	Parameter OUT_W bound to: 32'sb00000000000000000000000000010100 
	Parameter FEAT bound to: 32'sb00000000000000000000111110100000 
	Parameter FC_OUT bound to: 32'sb00000000000000000000000000000100 
	Parameter SHIFT bound to: 32'sb00000000000000000000000000001000 
	Parameter PAD_H bound to: 32'sb00000000000000000000000000000100 
	Parameter PAD_W bound to: 32'sb00000000000000000000000000000011 
INFO: [Synth 8-6155] done synthesizing module 'yz_accel' (0#1) [/home/ubuntu/Desktop/ZUGA-IC-final/rtl/yz_accel.sv:19]
INFO: [Synth 8-6155] done synthesizing module 'yz_top' (0#1) [/home/ubuntu/Desktop/ZUGA-IC-final/rtl/yz_top.sv:19]
INFO: [Synth 8-6155] done synthesizing module 'soc_top_axi' (0#1) [/home/ubuntu/Desktop/ZUGA-IC-final/rtl/soc_top_axi.sv:22]
INFO: [Synth 8-6155] done synthesizing module 'fpga_top_axi' (0#1) [/home/ubuntu/Desktop/ZUGA-IC-final/rtl/fpga_top_axi.sv:10]
WARNING: [Synth 8-6014] Unused sequential element p_elw_busy_q_reg was removed.  [/home/ubuntu/Desktop/ZUGA-IC-final/cv32e40p/rtl/cv32e40p_sleep_unit.sv:141]
WARNING: [Synth 8-3936] Found unconnected internal register 'mcountinhibit_n_reg' and it is trimmed from '32' to '4' bits. [/home/ubuntu/Desktop/ZUGA-IC-final/cv32e40p/rtl/cv32e40p_cs_registers.sv:1395]
WARNING: [Synth 8-3936] Found unconnected internal register 'mhpmevent_n_reg[3]' and it is trimmed from '32' to '16' bits. [/home/ubuntu/Desktop/ZUGA-IC-final/cv32e40p/rtl/cv32e40p_cs_registers.sv:1396]
WARNING: [Synth 8-7137] Register gen_mhpmevent[3].gen_implemented.mhpmevent_q_reg[3] in module cv32e40p_cs_registers has both Set and reset with same priority. This may cause simulation mismatches. Consider rewriting code  [/home/ubuntu/Desktop/ZUGA-IC-final/cv32e40p/rtl/cv32e40p_cs_registers.sv:1437]
WARNING: [Synth 8-7137] Register gen_mcountinhibit[0].gen_implemented.mcountinhibit_q_reg in module cv32e40p_cs_registers has both Set and reset with same priority. This may cause simulation mismatches. Consider rewriting code  [/home/ubuntu/Desktop/ZUGA-IC-final/cv32e40p/rtl/cv32e40p_cs_registers.sv:1425]
WARNING: [Synth 8-7137] Register gen_mcountinhibit[2].gen_implemented.mcountinhibit_q_reg in module cv32e40p_cs_registers has both Set and reset with same priority. This may cause simulation mismatches. Consider rewriting code  [/home/ubuntu/Desktop/ZUGA-IC-final/cv32e40p/rtl/cv32e40p_cs_registers.sv:1526]
WARNING: [Synth 8-7137] Register gen_mcountinhibit[3].gen_implemented.mcountinhibit_q_reg in module cv32e40p_cs_registers has both Set and reset with same priority. This may cause simulation mismatches. Consider rewriting code  [/home/ubuntu/Desktop/ZUGA-IC-final/cv32e40p/rtl/cv32e40p_cs_registers.sv:1529]
WARNING: [Synth 8-7137] Register rdr_q_reg in module i2c_master_axi has both Set and reset with same priority. This may cause simulation mismatches. Consider rewriting code  [/home/ubuntu/Desktop/ZUGA-IC-final/rtl/i2c_master_axi.sv:418]
WARNING: [Synth 8-7129] Port logit_addr_i[15] in module yz_accel is either unconnected or has no load
WARNING: [Synth 8-7129] Port logit_addr_i[14] in module yz_accel is either unconnected or has no load
WARNING: [Synth 8-7129] Port logit_addr_i[13] in module yz_accel is either unconnected or has no load
WARNING: [Synth 8-7129] Port logit_addr_i[12] in module yz_accel is either unconnected or has no load
WARNING: [Synth 8-7129] Port logit_addr_i[11] in module yz_accel is either unconnected or has no load
WARNING: [Synth 8-7129] Port logit_addr_i[10] in module yz_accel is either unconnected or has no load
WARNING: [Synth 8-7129] Port logit_addr_i[9] in module yz_accel is either unconnected or has no load
WARNING: [Synth 8-7129] Port logit_addr_i[8] in module yz_accel is either unconnected or has no load
WARNING: [Synth 8-7129] Port logit_addr_i[7] in module yz_accel is either unconnected or has no load
WARNING: [Synth 8-7129] Port logit_addr_i[6] in module yz_accel is either unconnected or has no load
WARNING: [Synth 8-7129] Port logit_addr_i[5] in module yz_accel is either unconnected or has no load
WARNING: [Synth 8-7129] Port logit_addr_i[4] in module yz_accel is either unconnected or has no load
WARNING: [Synth 8-7129] Port logit_addr_i[3] in module yz_accel is either unconnected or has no load
WARNING: [Synth 8-7129] Port logit_addr_i[2] in module yz_accel is either unconnected or has no load
WARNING: [Synth 8-7129] Port mem_addr_i[15] in module yz_accel is either unconnected or has no load
WARNING: [Synth 8-7129] Port mem_addr_i[14] in module yz_accel is either unconnected or has no load
WARNING: [Synth 8-7129] Port axi_awaddr_i[31] in module yz_csr is either unconnected or has no load
WARNING: [Synth 8-7129] Port axi_awaddr_i[30] in module yz_csr is either unconnected or has no load
WARNING: [Synth 8-7129] Port axi_awaddr_i[29] in module yz_csr is either unconnected or has no load
WARNING: [Synth 8-7129] Port axi_awaddr_i[28] in module yz_csr is either unconnected or has no load
WARNING: [Synth 8-7129] Port axi_awaddr_i[27] in module yz_csr is either unconnected or has no load
WARNING: [Synth 8-7129] Port axi_awaddr_i[26] in module yz_csr is either unconnected or has no load
WARNING: [Synth 8-7129] Port axi_awaddr_i[25] in module yz_csr is either unconnected or has no load
WARNING: [Synth 8-7129] Port axi_awaddr_i[24] in module yz_csr is either unconnected or has no load
WARNING: [Synth 8-7129] Port axi_awaddr_i[23] in module yz_csr is either unconnected or has no load
WARNING: [Synth 8-7129] Port axi_awaddr_i[22] in module yz_csr is either unconnected or has no load
WARNING: [Synth 8-7129] Port axi_awaddr_i[21] in module yz_csr is either unconnected or has no load
WARNING: [Synth 8-7129] Port axi_awaddr_i[20] in module yz_csr is either unconnected or has no load
WARNING: [Synth 8-7129] Port axi_awaddr_i[19] in module yz_csr is either unconnected or has no load
WARNING: [Synth 8-7129] Port axi_awaddr_i[18] in module yz_csr is either unconnected or has no load
WARNING: [Synth 8-7129] Port axi_awaddr_i[17] in module yz_csr is either unconnected or has no load
WARNING: [Synth 8-7129] Port axi_awaddr_i[16] in module yz_csr is either unconnected or has no load
WARNING: [Synth 8-7129] Port axi_awaddr_i[15] in module yz_csr is either unconnected or has no load
WARNING: [Synth 8-7129] Port axi_awaddr_i[14] in module yz_csr is either unconnected or has no load
WARNING: [Synth 8-7129] Port axi_awaddr_i[13] in module yz_csr is either unconnected or has no load
WARNING: [Synth 8-7129] Port axi_awaddr_i[12] in module yz_csr is either unconnected or has no load
WARNING: [Synth 8-7129] Port axi_awaddr_i[11] in module yz_csr is either unconnected or has no load
WARNING: [Synth 8-7129] Port axi_awaddr_i[10] in module yz_csr is either unconnected or has no load
WARNING: [Synth 8-7129] Port axi_awaddr_i[9] in module yz_csr is either unconnected or has no load
WARNING: [Synth 8-7129] Port axi_awaddr_i[8] in module yz_csr is either unconnected or has no load
WARNING: [Synth 8-7129] Port axi_awaddr_i[7] in module yz_csr is either unconnected or has no load
WARNING: [Synth 8-7129] Port axi_awaddr_i[6] in module yz_csr is either unconnected or has no load
WARNING: [Synth 8-7129] Port axi_awaddr_i[5] in module yz_csr is either unconnected or has no load
WARNING: [Synth 8-7129] Port axi_awprot_i[2] in module yz_csr is either unconnected or has no load
WARNING: [Synth 8-7129] Port axi_awprot_i[1] in module yz_csr is either unconnected or has no load
WARNING: [Synth 8-7129] Port axi_awprot_i[0] in module yz_csr is either unconnected or has no load
WARNING: [Synth 8-7129] Port axi_wstrb_i[3] in module yz_csr is either unconnected or has no load
WARNING: [Synth 8-7129] Port axi_wstrb_i[2] in module yz_csr is either unconnected or has no load
WARNING: [Synth 8-7129] Port axi_wstrb_i[1] in module yz_csr is either unconnected or has no load
WARNING: [Synth 8-7129] Port axi_wstrb_i[0] in module yz_csr is either unconnected or has no load
WARNING: [Synth 8-7129] Port axi_araddr_i[31] in module yz_csr is either unconnected or has no load
WARNING: [Synth 8-7129] Port axi_araddr_i[30] in module yz_csr is either unconnected or has no load
WARNING: [Synth 8-7129] Port axi_araddr_i[29] in module yz_csr is either unconnected or has no load
WARNING: [Synth 8-7129] Port axi_araddr_i[28] in module yz_csr is either unconnected or has no load
WARNING: [Synth 8-7129] Port axi_araddr_i[27] in module yz_csr is either unconnected or has no load
WARNING: [Synth 8-7129] Port axi_araddr_i[26] in module yz_csr is either unconnected or has no load
WARNING: [Synth 8-7129] Port axi_araddr_i[25] in module yz_csr is either unconnected or has no load
WARNING: [Synth 8-7129] Port axi_araddr_i[24] in module yz_csr is either unconnected or has no load
WARNING: [Synth 8-7129] Port axi_araddr_i[23] in module yz_csr is either unconnected or has no load
WARNING: [Synth 8-7129] Port axi_araddr_i[22] in module yz_csr is either unconnected or has no load
WARNING: [Synth 8-7129] Port axi_araddr_i[21] in module yz_csr is either unconnected or has no load
WARNING: [Synth 8-7129] Port axi_araddr_i[20] in module yz_csr is either unconnected or has no load
WARNING: [Synth 8-7129] Port axi_araddr_i[19] in module yz_csr is either unconnected or has no load
WARNING: [Synth 8-7129] Port axi_araddr_i[18] in module yz_csr is either unconnected or has no load
WARNING: [Synth 8-7129] Port axi_araddr_i[17] in module yz_csr is either unconnected or has no load
WARNING: [Synth 8-7129] Port axi_araddr_i[16] in module yz_csr is either unconnected or has no load
WARNING: [Synth 8-7129] Port axi_araddr_i[15] in module yz_csr is either unconnected or has no load
WARNING: [Synth 8-7129] Port axi_araddr_i[14] in module yz_csr is either unconnected or has no load
WARNING: [Synth 8-7129] Port axi_araddr_i[13] in module yz_csr is either unconnected or has no load
WARNING: [Synth 8-7129] Port axi_araddr_i[12] in module yz_csr is either unconnected or has no load
WARNING: [Synth 8-7129] Port axi_araddr_i[11] in module yz_csr is either unconnected or has no load
WARNING: [Synth 8-7129] Port axi_araddr_i[10] in module yz_csr is either unconnected or has no load
WARNING: [Synth 8-7129] Port axi_araddr_i[9] in module yz_csr is either unconnected or has no load
WARNING: [Synth 8-7129] Port axi_araddr_i[8] in module yz_csr is either unconnected or has no load
WARNING: [Synth 8-7129] Port axi_araddr_i[7] in module yz_csr is either unconnected or has no load
WARNING: [Synth 8-7129] Port axi_araddr_i[6] in module yz_csr is either unconnected or has no load
WARNING: [Synth 8-7129] Port axi_araddr_i[5] in module yz_csr is either unconnected or has no load
WARNING: [Synth 8-7129] Port axi_arprot_i[2] in module yz_csr is either unconnected or has no load
WARNING: [Synth 8-7129] Port axi_arprot_i[1] in module yz_csr is either unconnected or has no load
WARNING: [Synth 8-7129] Port axi_arprot_i[0] in module yz_csr is either unconnected or has no load
WARNING: [Synth 8-7129] Port axi_awaddr_i[31] in module i2c_master_axi is either unconnected or has no load
WARNING: [Synth 8-7129] Port axi_awaddr_i[30] in module i2c_master_axi is either unconnected or has no load
WARNING: [Synth 8-7129] Port axi_awaddr_i[29] in module i2c_master_axi is either unconnected or has no load
WARNING: [Synth 8-7129] Port axi_awaddr_i[28] in module i2c_master_axi is either unconnected or has no load
WARNING: [Synth 8-7129] Port axi_awaddr_i[27] in module i2c_master_axi is either unconnected or has no load
WARNING: [Synth 8-7129] Port axi_awaddr_i[26] in module i2c_master_axi is either unconnected or has no load
WARNING: [Synth 8-7129] Port axi_awaddr_i[25] in module i2c_master_axi is either unconnected or has no load
WARNING: [Synth 8-7129] Port axi_awaddr_i[24] in module i2c_master_axi is either unconnected or has no load
WARNING: [Synth 8-7129] Port axi_awaddr_i[23] in module i2c_master_axi is either unconnected or has no load
WARNING: [Synth 8-7129] Port axi_awaddr_i[22] in module i2c_master_axi is either unconnected or has no load
WARNING: [Synth 8-7129] Port axi_awaddr_i[21] in module i2c_master_axi is either unconnected or has no load
WARNING: [Synth 8-7129] Port axi_awaddr_i[20] in module i2c_master_axi is either unconnected or has no load
WARNING: [Synth 8-7129] Port axi_awaddr_i[19] in module i2c_master_axi is either unconnected or has no load
WARNING: [Synth 8-7129] Port axi_awaddr_i[18] in module i2c_master_axi is either unconnected or has no load
WARNING: [Synth 8-7129] Port axi_awaddr_i[17] in module i2c_master_axi is either unconnected or has no load
WARNING: [Synth 8-7129] Port axi_awaddr_i[16] in module i2c_master_axi is either unconnected or has no load
WARNING: [Synth 8-7129] Port axi_awaddr_i[15] in module i2c_master_axi is either unconnected or has no load
WARNING: [Synth 8-7129] Port axi_awaddr_i[14] in module i2c_master_axi is either unconnected or has no load
WARNING: [Synth 8-7129] Port axi_awaddr_i[13] in module i2c_master_axi is either unconnected or has no load
WARNING: [Synth 8-7129] Port axi_awaddr_i[12] in module i2c_master_axi is either unconnected or has no load
INFO: [Common 17-14] Message 'Synth 8-7129' appears 100 times and further instances of the messages will be disabled. Use the Tcl command set_msg_config to change the current settings.
---------------------------------------------------------------------------------
Finished RTL Elaboration : Time (s): cpu = 00:00:04 ; elapsed = 00:00:05 . Memory (MB): peak = 2454.793 ; gain = 646.531 ; free physical = 312 ; free virtual = 10847
---------------------------------------------------------------------------------
---------------------------------------------------------------------------------
Start Handling Custom Attributes
---------------------------------------------------------------------------------
---------------------------------------------------------------------------------
Finished Handling Custom Attributes : Time (s): cpu = 00:00:04 ; elapsed = 00:00:05 . Memory (MB): peak = 2454.793 ; gain = 646.531 ; free physical = 310 ; free virtual = 10845
---------------------------------------------------------------------------------
---------------------------------------------------------------------------------
Finished RTL Optimization Phase 1 : Time (s): cpu = 00:00:04 ; elapsed = 00:00:05 . Memory (MB): peak = 2454.793 ; gain = 646.531 ; free physical = 310 ; free virtual = 10845
---------------------------------------------------------------------------------
Netlist sorting complete. Time (s): cpu = 00:00:00.07 ; elapsed = 00:00:00.07 . Memory (MB): peak = 2458.793 ; gain = 0.000 ; free physical = 312 ; free virtual = 10847
INFO: [Project 1-570] Preparing netlist for logic optimization

Processing XDC Constraints
Initializing timing engine
Parsing XDC File [/home/ubuntu/Desktop/ZUGA-IC-final/constraints/nexys_video.xdc]
Finished Parsing XDC File [/home/ubuntu/Desktop/ZUGA-IC-final/constraints/nexys_video.xdc]
INFO: [Project 1-236] Implementation specific constraints were found while reading constraint file [/home/ubuntu/Desktop/ZUGA-IC-final/constraints/nexys_video.xdc]. These constraints will be ignored for synthesis but will be used in implementation. Impacted constraints are listed in the file [.Xil/fpga_top_axi_propImpl.xdc].
Resolution: To avoid this warning, move constraints listed in [.Xil/fpga_top_axi_propImpl.xdc] to another XDC file and exclude this new file from synthesis with the used_in_synthesis property (File Properties dialog in GUI) and re-run elaboration/synthesis.
Completed Processing XDC Constraints

Netlist sorting complete. Time (s): cpu = 00:00:00.01 ; elapsed = 00:00:00 . Memory (MB): peak = 2562.258 ; gain = 0.000 ; free physical = 291 ; free virtual = 10827
INFO: [Project 1-111] Unisim Transformation Summary:
No Unisim elements were transformed.

Constraint Validation Runtime : Time (s): cpu = 00:00:00.01 ; elapsed = 00:00:00.01 . Memory (MB): peak = 2562.293 ; gain = 0.000 ; free physical = 291 ; free virtual = 10826
---------------------------------------------------------------------------------
Finished Constraint Validation : Time (s): cpu = 00:00:10 ; elapsed = 00:00:10 . Memory (MB): peak = 2562.293 ; gain = 754.031 ; free physical = 298 ; free virtual = 10834
---------------------------------------------------------------------------------
---------------------------------------------------------------------------------
Start Loading Part and Timing Information
---------------------------------------------------------------------------------
Loading part: xc7a200tsbg484-1
---------------------------------------------------------------------------------
Finished Loading Part and Timing Information : Time (s): cpu = 00:00:10 ; elapsed = 00:00:10 . Memory (MB): peak = 2570.262 ; gain = 762.000 ; free physical = 297 ; free virtual = 10833
---------------------------------------------------------------------------------
---------------------------------------------------------------------------------
Start Applying 'set_property' XDC Constraints
---------------------------------------------------------------------------------
---------------------------------------------------------------------------------
Finished applying 'set_property' XDC Constraints : Time (s): cpu = 00:00:10 ; elapsed = 00:00:10 . Memory (MB): peak = 2570.262 ; gain = 762.000 ; free physical = 297 ; free virtual = 10833
---------------------------------------------------------------------------------
INFO: [Synth 8-802] inferred FSM for state register 'debug_fsm_cs_reg' in module 'cv32e40p_controller'
INFO: [Synth 8-802] inferred FSM for state register 'State_SP_reg' in module 'cv32e40p_alu_div'
INFO: [Synth 8-802] inferred FSM for state register 'mulh_CS_reg' in module 'cv32e40p_mult'
INFO: [Synth 8-802] inferred FSM for state register 'state_q_reg' in module 'obi_to_axi_lite'
INFO: [Synth 8-802] inferred FSM for state register 'state_q_reg' in module 'ram_axi'
INFO: [Synth 8-802] inferred FSM for state register 'state_q_reg' in module 'gpio_axi'
INFO: [Synth 8-802] inferred FSM for state register 'state_q_reg' in module 'timer_axi'
INFO: [Synth 8-802] inferred FSM for state register 'axi_state_q_reg' in module 'uart_axi'
INFO: [Synth 8-802] inferred FSM for state register 'tx_state_q_reg' in module 'uart_axi'
INFO: [Synth 8-802] inferred FSM for state register 'rx_state_q_reg' in module 'uart_axi'
INFO: [Synth 8-802] inferred FSM for state register 'axi_state_q_reg' in module 'i2c_master_axi'
INFO: [Synth 8-802] inferred FSM for state register 'i2c_state_q_reg' in module 'i2c_master_axi'
INFO: [Synth 8-802] inferred FSM for state register 'axi_state_q_reg' in module 'yz_csr'
INFO: [Synth 8-802] inferred FSM for state register 'd_st_reg' in module 'yz_top'
WARNING: [Synth 8-327] inferring latch for variable 'clk_en_reg' [/home/ubuntu/Desktop/ZUGA-IC-final/cv32e40p/bhv/cv32e40p_sim_clock_gate.sv:25]
---------------------------------------------------------------------------------------------------
                   State |                     New Encoding |                Previous Encoding 
---------------------------------------------------------------------------------------------------
               HAVERESET |                              001 |                              001
                 RUNNING |                              010 |                              010
                  HALTED |                              100 |                              100
---------------------------------------------------------------------------------------------------
INFO: [Synth 8-3354] encoded FSM with state register 'debug_fsm_cs_reg' using encoding 'one-hot' in module 'cv32e40p_controller'
---------------------------------------------------------------------------------------------------
                   State |                     New Encoding |                Previous Encoding 
---------------------------------------------------------------------------------------------------
                    IDLE |                              001 |                               00
                  DIVIDE |                              010 |                               01
                  FINISH |                              100 |                               10
---------------------------------------------------------------------------------------------------
INFO: [Synth 8-3354] encoded FSM with state register 'State_SP_reg' using encoding 'one-hot' in module 'cv32e40p_alu_div'
---------------------------------------------------------------------------------------------------
                   State |                     New Encoding |                Previous Encoding 
---------------------------------------------------------------------------------------------------
               IDLE_MULT |                              000 |                              000
                   STEP0 |                              001 |                              001
                   STEP1 |                              010 |                              010
                   STEP2 |                              011 |                              011
                  FINISH |                              100 |                              100
---------------------------------------------------------------------------------------------------
INFO: [Synth 8-3354] encoded FSM with state register 'mulh_CS_reg' using encoding 'sequential' in module 'cv32e40p_mult'
---------------------------------------------------------------------------------------------------
                   State |                     New Encoding |                Previous Encoding 
---------------------------------------------------------------------------------------------------
                  S_IDLE |                              000 |                              000
              S_WRITE_AW |                              100 |                              001
            S_WRITE_RESP |                              011 |                              011
               S_READ_AR |                              010 |                              100
                S_READ_R |                              001 |                              101
---------------------------------------------------------------------------------------------------
INFO: [Synth 8-3354] encoded FSM with state register 'state_q_reg' using encoding 'sequential' in module 'obi_to_axi_lite'
---------------------------------------------------------------------------------------------------
                   State |                     New Encoding |                Previous Encoding 
---------------------------------------------------------------------------------------------------
                  S_IDLE |                               01 |                               00
            S_WRITE_RESP |                               10 |                               10
             S_READ_WAIT |                               11 |                               01
             S_READ_RESP |                               00 |                               11
---------------------------------------------------------------------------------------------------
INFO: [Synth 8-3354] encoded FSM with state register 'state_q_reg' using encoding 'sequential' in module 'ram_axi'
---------------------------------------------------------------------------------------------------
                   State |                     New Encoding |                Previous Encoding 
---------------------------------------------------------------------------------------------------
                  S_IDLE |                              001 |                               00
            S_WRITE_RESP |                              100 |                               01
             S_READ_RESP |                              010 |                               10
---------------------------------------------------------------------------------------------------
INFO: [Synth 8-3354] encoded FSM with state register 'state_q_reg' using encoding 'one-hot' in module 'gpio_axi'
---------------------------------------------------------------------------------------------------
                   State |                     New Encoding |                Previous Encoding 
---------------------------------------------------------------------------------------------------
                  S_IDLE |                              001 |                               00
            S_WRITE_RESP |                              100 |                               01
             S_READ_RESP |                              010 |                               10
---------------------------------------------------------------------------------------------------
INFO: [Synth 8-3354] encoded FSM with state register 'state_q_reg' using encoding 'one-hot' in module 'timer_axi'
---------------------------------------------------------------------------------------------------
                   State |                     New Encoding |                Previous Encoding 
---------------------------------------------------------------------------------------------------
                 TX_IDLE |                               00 |                               00
                TX_START |                               01 |                               01
                 TX_DATA |                               10 |                               10
                 TX_STOP |                               11 |                               11
---------------------------------------------------------------------------------------------------
INFO: [Synth 8-3354] encoded FSM with state register 'tx_state_q_reg' using encoding 'sequential' in module 'uart_axi'
---------------------------------------------------------------------------------------------------
                   State |                     New Encoding |                Previous Encoding 
---------------------------------------------------------------------------------------------------
                 RX_IDLE |                               00 |                               00
                RX_START |                               01 |                               01
                 RX_DATA |                               10 |                               10
                 RX_STOP |                               11 |                               11
---------------------------------------------------------------------------------------------------
INFO: [Synth 8-3354] encoded FSM with state register 'rx_state_q_reg' using encoding 'sequential' in module 'uart_axi'
---------------------------------------------------------------------------------------------------
                   State |                     New Encoding |                Previous Encoding 
---------------------------------------------------------------------------------------------------
                  S_IDLE |                              001 |                               00
            S_WRITE_RESP |                              100 |                               01
             S_READ_RESP |                              010 |                               10
---------------------------------------------------------------------------------------------------
INFO: [Synth 8-3354] encoded FSM with state register 'axi_state_q_reg' using encoding 'one-hot' in module 'uart_axi'
---------------------------------------------------------------------------------------------------
                   State |                     New Encoding |                Previous Encoding 
---------------------------------------------------------------------------------------------------
                  S_IDLE |                              001 |                               00
            S_WRITE_RESP |                              100 |                               01
             S_READ_RESP |                              010 |                               10
---------------------------------------------------------------------------------------------------
INFO: [Synth 8-3354] encoded FSM with state register 'axi_state_q_reg' using encoding 'one-hot' in module 'i2c_master_axi'
---------------------------------------------------------------------------------------------------
                   State |                     New Encoding |                Previous Encoding 
---------------------------------------------------------------------------------------------------
                  I_IDLE |                             0000 |                             0000
                 I_START |                             0001 |                             0001
                  I_ADDR |                             0010 |                             0010
              I_ACK_ADDR |                             0011 |                             0011
               I_RX_DATA |                             0100 |                             0110
                I_ACK_RX |                             0101 |                             0111
               I_TX_DATA |                             0110 |                             0100
                I_ACK_TX |                             0111 |                             0101
                  I_STOP |                             1000 |                             1000
                  I_DONE |                             1001 |                             1001
---------------------------------------------------------------------------------------------------
INFO: [Synth 8-3354] encoded FSM with state register 'i2c_state_q_reg' using encoding 'sequential' in module 'i2c_master_axi'
---------------------------------------------------------------------------------------------------
                   State |                     New Encoding |                Previous Encoding 
---------------------------------------------------------------------------------------------------
                  S_IDLE |                              001 |                               00
            S_WRITE_RESP |                              100 |                               01
             S_READ_RESP |                              010 |                               10
---------------------------------------------------------------------------------------------------
INFO: [Synth 8-3354] encoded FSM with state register 'axi_state_q_reg' using encoding 'one-hot' in module 'yz_csr'
---------------------------------------------------------------------------------------------------
                   State |                     New Encoding |                Previous Encoding 
---------------------------------------------------------------------------------------------------
                  D_IDLE |                              001 |                               00
                 D_WRESP |                              100 |                               01
                 D_RRESP |                              010 |                               10
---------------------------------------------------------------------------------------------------
INFO: [Synth 8-3354] encoded FSM with state register 'd_st_reg' using encoding 'one-hot' in module 'yz_top'
---------------------------------------------------------------------------------
Finished RTL Optimization Phase 2 : Time (s): cpu = 00:00:13 ; elapsed = 00:00:13 . Memory (MB): peak = 2570.262 ; gain = 762.000 ; free physical = 288 ; free virtual = 10829
---------------------------------------------------------------------------------
---------------------------------------------------------------------------------
Start RTL Component Statistics 
---------------------------------------------------------------------------------
Detailed RTL Component Info : 
+---Adders : 
	   2 Input   64 Bit       Adders := 3     
	   2 Input   37 Bit       Adders := 1     
	   2 Input   32 Bit       Adders := 17    
	   3 Input   32 Bit       Adders := 4     
	   2 Input   16 Bit       Adders := 5     
	   2 Input   12 Bit       Adders := 1     
	   2 Input    6 Bit       Adders := 4     
	   2 Input    5 Bit       Adders := 4     
	   2 Input    4 Bit       Adders := 11    
	   2 Input    3 Bit       Adders := 13    
	   2 Input    2 Bit       Adders := 26    
	   3 Input    2 Bit       Adders := 1     
	   2 Input    1 Bit       Adders := 2     
+---XORs : 
	   2 Input     32 Bit         XORs := 2     
	   2 Input     17 Bit         XORs := 1     
	   2 Input      4 Bit         XORs := 1     
	   2 Input      1 Bit         XORs := 2     
+---Registers : 
	               64 Bit    Registers := 3     
	               32 Bit    Registers := 110   
	               24 Bit    Registers := 1     
	               16 Bit    Registers := 9     
	               15 Bit    Registers := 1     
	               12 Bit    Registers := 1     
	                8 Bit    Registers := 7     
	                7 Bit    Registers := 2     
	                6 Bit    Registers := 9     
	                5 Bit    Registers := 4     
	                4 Bit    Registers := 10    
	                3 Bit    Registers := 6     
	                2 Bit    Registers := 23    
	                1 Bit    Registers := 94    
+---Multipliers : 
	              32x32  Multipliers := 1     
+---RAMs : 
	             125K Bit	(16000 X 8 bit)          RAMs := 1     
	              31K Bit	(4000 X 8 bit)          RAMs := 1     
	              15K Bit	(1960 X 8 bit)          RAMs := 1     
	               8K Bit	(256 X 32 bit)          RAMs := 1     
	               5K Bit	(640 X 8 bit)          RAMs := 1     
	              256 Bit	(8 X 32 bit)          RAMs := 1     
	              128 Bit	(4 X 32 bit)          RAMs := 2     
+---Muxes : 
	   2 Input   64 Bit        Muxes := 12    
	   2 Input   36 Bit        Muxes := 6     
	   2 Input   33 Bit        Muxes := 1     
	   2 Input   32 Bit        Muxes := 129   
	   4 Input   32 Bit        Muxes := 23    
	   3 Input   32 Bit        Muxes := 14    
	   8 Input   32 Bit        Muxes := 1     
	  32 Input   32 Bit        Muxes := 1     
	   5 Input   32 Bit        Muxes := 2     
	  10 Input   32 Bit        Muxes := 13    
	   7 Input   32 Bit        Muxes := 2     
	   2 Input   31 Bit        Muxes := 1     
	   2 Input   27 Bit        Muxes := 5     
	   2 Input   24 Bit        Muxes := 4     
	   2 Input   17 Bit        Muxes := 2     
	   2 Input   16 Bit        Muxes := 6     
	   3 Input   16 Bit        Muxes := 1     
	   4 Input   16 Bit        Muxes := 4     
	  10 Input   16 Bit        Muxes := 1     
	   2 Input   12 Bit        Muxes := 1     
	   2 Input    8 Bit        Muxes := 43    
	   4 Input    8 Bit        Muxes := 3     
	  10 Input    8 Bit        Muxes := 1     
	   2 Input    7 Bit        Muxes := 1     
	   2 Input    6 Bit        Muxes := 15    
	   4 Input    6 Bit        Muxes := 4     
	   2 Input    5 Bit        Muxes := 43    
	   4 Input    5 Bit        Muxes := 3     
	  16 Input    5 Bit        Muxes := 1     
	   5 Input    5 Bit        Muxes := 1     
	   2 Input    4 Bit        Muxes := 46    
	   7 Input    4 Bit        Muxes := 1     
	   5 Input    4 Bit        Muxes := 3     
	   3 Input    4 Bit        Muxes := 3     
	   6 Input    4 Bit        Muxes := 1     
	   4 Input    4 Bit        Muxes := 4     
	  10 Input    4 Bit        Muxes := 3     
	   4 Input    3 Bit        Muxes := 5     
	   2 Input    3 Bit        Muxes := 28    
	   9 Input    3 Bit        Muxes := 1     
	   3 Input    3 Bit        Muxes := 10    
	  16 Input    3 Bit        Muxes := 1     
	   5 Input    3 Bit        Muxes := 4     
	  10 Input    3 Bit        Muxes := 1     
	   2 Input    2 Bit        Muxes := 77    
	   4 Input    2 Bit        Muxes := 12    
	   3 Input    2 Bit        Muxes := 3     
	   9 Input    2 Bit        Muxes := 2     
	  16 Input    2 Bit        Muxes := 2     
	   6 Input    2 Bit        Muxes := 1     
	   7 Input    2 Bit        Muxes := 1     
	   5 Input    2 Bit        Muxes := 2     
	  10 Input    2 Bit        Muxes := 1     
	   4 Input    1 Bit        Muxes := 40    
	   2 Input    1 Bit        Muxes := 225   
	   3 Input    1 Bit        Muxes := 44    
	   6 Input    1 Bit        Muxes := 6     
	   7 Input    1 Bit        Muxes := 7     
	   8 Input    1 Bit        Muxes := 1     
	   5 Input    1 Bit        Muxes := 27    
	  16 Input    1 Bit        Muxes := 20    
	   9 Input    1 Bit        Muxes := 6     
	  10 Input    1 Bit        Muxes := 32    
---------------------------------------------------------------------------------
Finished RTL Component Statistics 
---------------------------------------------------------------------------------
---------------------------------------------------------------------------------
Start Part Resource Summary
---------------------------------------------------------------------------------
Part Resources:
DSPs: 740 (col length:100)
BRAMs: 730 (col length: RAMB18 100 RAMB36 50)
---------------------------------------------------------------------------------
Finished Part Resource Summary
---------------------------------------------------------------------------------
---------------------------------------------------------------------------------
Start Cross Boundary and Area Optimization
---------------------------------------------------------------------------------
DSP Report: Generating DSP mult_i/short_mul, operation Mode is: A*B.
DSP Report: operator mult_i/short_mul is absorbed into DSP mult_i/short_mul.
DSP Report: Generating DSP mult_i/short_mac, operation Mode is: PCIN+A:B+C.
DSP Report: operator mult_i/short_mac is absorbed into DSP mult_i/short_mac.
DSP Report: Generating DSP mult_i/int_result0, operation Mode is: A*B.
DSP Report: operator mult_i/int_result0 is absorbed into DSP mult_i/int_result0.
DSP Report: operator mult_i/int_result0 is absorbed into DSP mult_i/int_result0.
DSP Report: Generating DSP mult_i/int_result0, operation Mode is: (PCIN>>17)+A*B.
DSP Report: operator mult_i/int_result0 is absorbed into DSP mult_i/int_result0.
DSP Report: operator mult_i/int_result0 is absorbed into DSP mult_i/int_result0.
DSP Report: Generating DSP mult_i/int_result0, operation Mode is: A*B.
DSP Report: operator mult_i/int_result0 is absorbed into DSP mult_i/int_result0.
DSP Report: operator mult_i/int_result0 is absorbed into DSP mult_i/int_result0.
DSP Report: Generating DSP mult_i/int_result0, operation Mode is: (PCIN>>17)+A*B.
DSP Report: operator mult_i/int_result0 is absorbed into DSP mult_i/int_result0.
DSP Report: operator mult_i/int_result0 is absorbed into DSP mult_i/int_result0.
DSP Report: Generating DSP mult_i/dot_short_mul[1], operation Mode is: A*B.
DSP Report: operator mult_i/dot_short_mul[1] is absorbed into DSP mult_i/dot_short_mul[1].
DSP Report: Generating DSP mult_i/dot_short_result, operation Mode is: C+A*B.
DSP Report: operator mult_i/dot_short_result is absorbed into DSP mult_i/dot_short_result.
DSP Report: operator mult_i/dot_short_mul[0] is absorbed into DSP mult_i/dot_short_result.
DSP Report: Generating DSP in_idx, operation Mode is: C+A*(B:0x28).
DSP Report: operator in_idx is absorbed into DSP in_idx.
DSP Report: operator in_idx0 is absorbed into DSP in_idx.
DSP Report: Generating DSP wf_idx, operation Mode is: C+A*(B:0xfa0).
DSP Report: operator wf_idx is absorbed into DSP wf_idx.
DSP Report: operator wf_idx0 is absorbed into DSP wf_idx.
DSP Report: Generating DSP p_1_out, operation Mode is: C+A*(B:0x19).
DSP Report: operator p_1_out is absorbed into DSP p_1_out.
DSP Report: operator p_0_in is absorbed into DSP p_1_out.
DSP Report: Generating DSP act_idx, operation Mode is: C+A*(B:0x14).
DSP Report: operator act_idx is absorbed into DSP act_idx.
DSP Report: operator p_2_in is absorbed into DSP act_idx.
WARNING: [Synth 8-3332] Sequential element (FSM_onehot_debug_fsm_cs_reg[2]) is unused and will be removed from module cv32e40p_controller.
WARNING: [Synth 8-3332] Sequential element (FSM_onehot_debug_fsm_cs_reg[1]) is unused and will be removed from module cv32e40p_controller.
WARNING: [Synth 8-3332] Sequential element (FSM_onehot_debug_fsm_cs_reg[0]) is unused and will be removed from module cv32e40p_controller.
---------------------------------------------------------------------------------
Finished Cross Boundary and Area Optimization : Time (s): cpu = 00:01:32 ; elapsed = 00:01:32 . Memory (MB): peak = 2726.434 ; gain = 918.172 ; free physical = 547 ; free virtual = 10889
---------------------------------------------------------------------------------
 Sort Area is  mult_i/int_result0_6 : 0 0 : 3101 5754 : Used 1 time 0
 Sort Area is  mult_i/int_result0_6 : 0 1 : 2653 5754 : Used 1 time 0
 Sort Area is  mult_i/int_result0_9 : 0 0 : 2634 5119 : Used 1 time 0
 Sort Area is  mult_i/int_result0_9 : 0 1 : 2485 5119 : Used 1 time 0
 Sort Area is  mult_i/short_mul_0 : 0 0 : 2264 2536 : Used 1 time 0
 Sort Area is  mult_i/short_mul_0 : 0 1 : 272 2536 : Used 1 time 0
 Sort Area is  mult_i/dot_short_result_4 : 0 0 : 2359 2359 : Used 1 time 0
 Sort Area is  mult_i/dot_short_mul[1]_3 : 0 0 : 2264 2264 : Used 1 time 0
 Sort Area is  wf_idx_f : 0 0 : 490 490 : Used 1 time 0
 Sort Area is  act_idx_e : 0 0 : 247 247 : Used 1 time 0
 Sort Area is  p_1_out_c : 0 0 : 247 247 : Used 1 time 0
 Sort Area is  in_idx_11 : 0 0 : 139 139 : Used 1 time 0
---------------------------------------------------------------------------------
Start ROM, RAM, DSP, Shift Register and Retiming Reporting
---------------------------------------------------------------------------------

ROM: Preliminary Mapping Report
+------------+------------+---------------+----------------+
|Module Name | RTL Object | Depth x Width | Implemented As | 
+------------+------------+---------------+----------------+
|soc_top_axi | instr_mem  | 2048x32       | LUT            | 
|soc_top_axi | instr_mem  | 128x32        | LUT            | 
|soc_top_axi | p_0_out    | 2048x32       | LUT            | 
+------------+------------+---------------+----------------+


Block RAM: Preliminary Mapping Report (see note below)
+-------------+----------------+------------------------+---+---+------------------------+---+---+------------------+--------+--------+
|Module Name  | RTL Object     | PORT A (Depth x Width) | W | R | PORT B (Depth x Width) | W | R | Ports driving FF | RAMB18 | RAMB36 | 
+-------------+----------------+------------------------+---+---+------------------------+---+---+------------------+--------+--------+
|u_soc/u_dram | u_sram/mem_reg | 256 x 32(READ_FIRST)   | W |   | 256 x 32(WRITE_FIRST)  |   | R | Port A and B     | 1      | 0      | 
+-------------+----------------+------------------------+---+---+------------------------+---+---+------------------+--------+--------+

Note: The table above is a preliminary report that shows the Block RAMs at the current stage of the synthesis flow. Some Block RAMs may be reimplemented as non Block RAM primitives later in the synthesis flow. Multiple instantiated Block RAMs are reported only once. 

Distributed RAM: Preliminary Mapping Report (see note below)
+------------+--------------------+-----------+----------------------+---------------+
|Module Name | RTL Object         | Inference | Size (Depth x Width) | Primitives    | 
+------------+--------------------+-----------+----------------------+---------------+
|u_soc/u_yz  | u_accel/bconv_reg  | Implied   | 8 x 32               | RAM32M x 6    | 
|u_soc/u_yz  | u_accel/wconv_reg  | Implied   | 1 K x 8              | RAM64M x 30   | 
|u_soc/u_yz  | u_accel/imem_reg   | Implied   | 2 K x 8              | RAM64M x 93   | 
|u_soc/u_yz  | u_accel/wfc_reg    | Implied   | 16 K x 8             | RAM64M x 750  | 
|u_soc/u_yz  | u_accel/actm_reg   | Implied   | 4 K x 8              | RAM64M x 189  | 
|u_soc/u_yz  | u_accel/bfc_reg    | Implied   | 4 x 32               | RAM32M x 6    | 
|u_soc/u_yz  | u_accel/logitm_reg | Implied   | 4 x 32               | RAM32M x 12   | 
+------------+--------------------+-----------+----------------------+---------------+

Note: The table above is a preliminary report that shows the Distributed RAMs at the current stage of the synthesis flow. Some Distributed RAMs may be reimplemented as non Distributed RAM primitives later in the synthesis flow. Multiple instantiated RAMs are reported only once.

DSP: Preliminary Mapping Report (see note below. The ' indicates corresponding REG is set)
+------------------+----------------+--------+--------+--------+--------+--------+------+------+------+------+-------+------+------+
|Module Name       | DSP Mapping    | A Size | B Size | C Size | D Size | P Size | AREG | BREG | CREG | DREG | ADREG | MREG | PREG | 
+------------------+----------------+--------+--------+--------+--------+--------+------+------+------+------+-------+------+------+
|cv32e40p_mult     | A*B            | 17     | 17     | -      | -      | 34     | 0    | 0    | -    | -    | -     | 0    | 0    | 
|cv32e40p_ex_stage | PCIN+A:B+C     | 14     | 18     | 33     | -      | -1     | 0    | 0    | 0    | -    | -     | 0    | 0    | 
|cv32e40p_ex_stage | A*B            | 18     | 15     | -      | -      | 48     | 0    | 0    | -    | -    | -     | 0    | 0    | 
|cv32e40p_ex_stage | (PCIN>>17)+A*B | 15     | 15     | -      | -      | 48     | 0    | 0    | -    | -    | -     | 0    | 0    | 
|cv32e40p_ex_stage | A*B            | 18     | 18     | -      | -      | 48     | 0    | 0    | -    | -    | -     | 0    | 0    | 
|cv32e40p_ex_stage | (PCIN>>17)+A*B | 18     | 15     | -      | -      | 48     | 0    | 0    | -    | -    | -     | 0    | 0    | 
|cv32e40p_mult     | A*B            | 17     | 17     | -      | -      | 34     | 0    | 0    | -    | -    | -     | 0    | 0    | 
|cv32e40p_mult     | C+A*B          | 17     | 17     | 32     | -      | 32     | 0    | 0    | 0    | -    | -     | 0    | 0    | 
|yz_accel          | C+A*(B:0x28)   | 11     | 7      | 11     | -      | 11     | 0    | 0    | 0    | -    | -     | 0    | 0    | 
|yz_accel          | C+A*(B:0xfa0)  | 14     | 12     | 14     | -      | 14     | 0    | 0    | 0    | -    | -     | 0    | 0    | 
|yz_accel          | C+A*(B:0x19)   | 12     | 5      | 12     | -      | 12     | 0    | 0    | 0    | -    | -     | 0    | 0    | 
|yz_accel          | C+A*(B:0x14)   | 12     | 5      | 12     | -      | 12     | 0    | 0    | 0    | -    | -     | 0    | 0    | 
+------------------+----------------+--------+--------+--------+--------+--------+------+------+------+------+-------+------+------+

Note: The table above is a preliminary report that shows the DSPs inferred at the current stage of the synthesis flow. Some DSP may be reimplemented as non DSP primitives later in the synthesis flow. Multiple instantiated DSPs are reported only once.
---------------------------------------------------------------------------------
Finished ROM, RAM, DSP, Shift Register and Retiming Reporting
---------------------------------------------------------------------------------
---------------------------------------------------------------------------------
Start Applying XDC Timing Constraints
---------------------------------------------------------------------------------
---------------------------------------------------------------------------------
Finished Applying XDC Timing Constraints : Time (s): cpu = 00:01:36 ; elapsed = 00:01:37 . Memory (MB): peak = 2726.434 ; gain = 918.172 ; free physical = 554 ; free virtual = 10891
---------------------------------------------------------------------------------
---------------------------------------------------------------------------------
Start Timing Optimization
---------------------------------------------------------------------------------
---------------------------------------------------------------------------------
Finished Timing Optimization : Time (s): cpu = 00:01:43 ; elapsed = 00:01:44 . Memory (MB): peak = 2748.434 ; gain = 940.172 ; free physical = 482 ; free virtual = 10863
---------------------------------------------------------------------------------
---------------------------------------------------------------------------------
Start ROM, RAM, DSP, Shift Register and Retiming Reporting
---------------------------------------------------------------------------------

Block RAM: Final Mapping Report
+-------------+----------------+------------------------+---+---+------------------------+---+---+------------------+--------+--------+
|Module Name  | RTL Object     | PORT A (Depth x Width) | W | R | PORT B (Depth x Width) | W | R | Ports driving FF | RAMB18 | RAMB36 | 
+-------------+----------------+------------------------+---+---+------------------------+---+---+------------------+--------+--------+
|u_soc/u_dram | u_sram/mem_reg | 256 x 32(READ_FIRST)   | W |   | 256 x 32(WRITE_FIRST)  |   | R | Port A and B     | 1      | 0      | 
+-------------+----------------+------------------------+---+---+------------------------+---+---+------------------+--------+--------+


Distributed RAM: Final Mapping Report
+------------+--------------------+-----------+----------------------+---------------+
|Module Name | RTL Object         | Inference | Size (Depth x Width) | Primitives    | 
+------------+--------------------+-----------+----------------------+---------------+
|u_soc/u_yz  | u_accel/bconv_reg  | Implied   | 8 x 32               | RAM32M x 6    | 
|u_soc/u_yz  | u_accel/wconv_reg  | Implied   | 1 K x 8              | RAM64M x 30   | 
|u_soc/u_yz  | u_accel/imem_reg   | Implied   | 2 K x 8              | RAM64M x 93   | 
|u_soc/u_yz  | u_accel/wfc_reg    | Implied   | 16 K x 8             | RAM64M x 750  | 
|u_soc/u_yz  | u_accel/actm_reg   | Implied   | 4 K x 8              | RAM64M x 189  | 
|u_soc/u_yz  | u_accel/bfc_reg    | Implied   | 4 x 32               | RAM32M x 6    | 
|u_soc/u_yz  | u_accel/logitm_reg | Implied   | 4 x 32               | RAM32M x 12   | 
+------------+--------------------+-----------+----------------------+---------------+

---------------------------------------------------------------------------------
Finished ROM, RAM, DSP, Shift Register and Retiming Reporting
---------------------------------------------------------------------------------
---------------------------------------------------------------------------------
Start Technology Mapping
---------------------------------------------------------------------------------
INFO: [Synth 8-7052] The timing for the instance u_soc/u_dram/u_sram/mem_reg (implemented as a Block RAM) might be sub-optimal as no optional output register could be merged into the ram block. Providing additional output register may help in improving timing.
---------------------------------------------------------------------------------
Finished Technology Mapping : Time (s): cpu = 00:01:49 ; elapsed = 00:01:50 . Memory (MB): peak = 2919.496 ; gain = 1111.234 ; free physical = 473 ; free virtual = 10756
---------------------------------------------------------------------------------
---------------------------------------------------------------------------------
Start IO Insertion
---------------------------------------------------------------------------------
---------------------------------------------------------------------------------
Start Flattening Before IO Insertion
---------------------------------------------------------------------------------
---------------------------------------------------------------------------------
Finished Flattening Before IO Insertion
---------------------------------------------------------------------------------
---------------------------------------------------------------------------------
Start Final Netlist Cleanup
---------------------------------------------------------------------------------
---------------------------------------------------------------------------------
Finished Final Netlist Cleanup
---------------------------------------------------------------------------------
---------------------------------------------------------------------------------
Finished IO Insertion : Time (s): cpu = 00:01:51 ; elapsed = 00:01:52 . Memory (MB): peak = 2919.496 ; gain = 1111.234 ; free physical = 495 ; free virtual = 10762
---------------------------------------------------------------------------------
---------------------------------------------------------------------------------
Start Renaming Generated Instances
---------------------------------------------------------------------------------
---------------------------------------------------------------------------------
Finished Renaming Generated Instances : Time (s): cpu = 00:01:51 ; elapsed = 00:01:52 . Memory (MB): peak = 2919.496 ; gain = 1111.234 ; free physical = 495 ; free virtual = 10762
---------------------------------------------------------------------------------
---------------------------------------------------------------------------------
Start Rebuilding User Hierarchy
---------------------------------------------------------------------------------
---------------------------------------------------------------------------------
Finished Rebuilding User Hierarchy : Time (s): cpu = 00:01:52 ; elapsed = 00:01:53 . Memory (MB): peak = 2919.496 ; gain = 1111.234 ; free physical = 494 ; free virtual = 10760
---------------------------------------------------------------------------------
---------------------------------------------------------------------------------
Start Renaming Generated Ports
---------------------------------------------------------------------------------
---------------------------------------------------------------------------------
Finished Renaming Generated Ports : Time (s): cpu = 00:01:52 ; elapsed = 00:01:53 . Memory (MB): peak = 2919.496 ; gain = 1111.234 ; free physical = 494 ; free virtual = 10760
---------------------------------------------------------------------------------
---------------------------------------------------------------------------------
Start Handling Custom Attributes
---------------------------------------------------------------------------------
---------------------------------------------------------------------------------
Finished Handling Custom Attributes : Time (s): cpu = 00:01:52 ; elapsed = 00:01:53 . Memory (MB): peak = 2925.434 ; gain = 1117.172 ; free physical = 493 ; free virtual = 10760
---------------------------------------------------------------------------------
---------------------------------------------------------------------------------
Start Renaming Generated Nets
---------------------------------------------------------------------------------
---------------------------------------------------------------------------------
Finished Renaming Generated Nets : Time (s): cpu = 00:01:52 ; elapsed = 00:01:53 . Memory (MB): peak = 2925.434 ; gain = 1117.172 ; free physical = 493 ; free virtual = 10760
---------------------------------------------------------------------------------
---------------------------------------------------------------------------------
Start Writing Synthesis Report
---------------------------------------------------------------------------------

DSP Final Report (the ' indicates corresponding REG is set)
+------------------+--------------+--------+--------+--------+--------+--------+------+------+------+------+-------+------+------+
|Module Name       | DSP Mapping  | A Size | B Size | C Size | D Size | P Size | AREG | BREG | CREG | DREG | ADREG | MREG | PREG | 
+------------------+--------------+--------+--------+--------+--------+--------+------+------+------+------+-------+------+------+
|cv32e40p_mult     | A*B          | 30     | 18     | -      | -      | 34     | 0    | 0    | -    | -    | -     | 0    | 0    | 
|cv32e40p_ex_stage | PCIN+A:B+C   | 0      | 0      | -      | -      | 34     | 0    | 0    | -    | -    | -     | 0    | 0    | 
|cv32e40p_ex_stage | A*B          | 17     | 18     | -      | -      | 48     | 0    | 0    | -    | -    | -     | 0    | 0    | 
|cv32e40p_ex_stage | A*B          | 17     | 17     | -      | -      | 48     | 0    | 0    | -    | -    | -     | 0    | 0    | 
|cv32e40p_ex_stage | PCIN>>17+A*B | 17     | 18     | -      | -      | 48     | 0    | 0    | -    | -    | -     | 0    | 0    | 
|yz_accel          | C+A*B        | 30     | 6      | 48     | -      | 11     | 0    | 0    | 0    | -    | -     | 0    | 0    | 
|yz_accel          | C+A*B        | 2      | 12     | 12     | -      | 14     | 0    | 0    | 0    | -    | -     | 0    | 0    | 
|yz_accel          | C+A*B        | 3      | 5      | 5      | -      | 12     | 0    | 0    | 0    | -    | -     | 0    | 0    | 
|yz_accel          | C+A*B        | 12     | 5      | 5      | -      | 12     | 0    | 0    | 0    | -    | -     | 0    | 0    | 
+------------------+--------------+--------+--------+--------+--------+--------+------+------+------+------+-------+------+------+


Report BlackBoxes: 
+-+--------------+----------+
| |BlackBox name |Instances |
+-+--------------+----------+
+-+--------------+----------+

Report Cell Usage: 
+------+---------+------+
|      |Cell     |Count |
+------+---------+------+
|1     |BUFG     |     3|
|2     |CARRY4   |   311|
|3     |DSP48E1  |     9|
|6     |LUT1     |    85|
|7     |LUT2     |   726|
|8     |LUT3     |  1652|
|9     |LUT4     |   803|
|10    |LUT5     |  1069|
|11    |LUT6     |  4281|
|12    |MUXF7    |   719|
|13    |MUXF8    |   165|
|14    |RAM32M   |    15|
|15    |RAM32X1D |     6|
|16    |RAM64M   |  1062|
|17    |RAMB18E1 |     1|
|18    |FDCE     |  3465|
|19    |FDPE     |    62|
|20    |FDRE     |    36|
|21    |LD       |     1|
|22    |IBUF     |     8|
|23    |IOBUF    |     1|
|24    |OBUF     |    10|
|25    |OBUFT    |     1|
+------+---------+------+
---------------------------------------------------------------------------------
Finished Writing Synthesis Report : Time (s): cpu = 00:01:52 ; elapsed = 00:01:53 . Memory (MB): peak = 2925.434 ; gain = 1117.172 ; free physical = 493 ; free virtual = 10760
---------------------------------------------------------------------------------
Synthesis finished with 0 errors, 0 critical warnings and 1016 warnings.
Synthesis Optimization Runtime : Time (s): cpu = 00:01:50 ; elapsed = 00:01:51 . Memory (MB): peak = 2925.434 ; gain = 1009.672 ; free physical = 493 ; free virtual = 10760
Synthesis Optimization Complete : Time (s): cpu = 00:01:52 ; elapsed = 00:01:53 . Memory (MB): peak = 2925.441 ; gain = 1117.172 ; free physical = 493 ; free virtual = 10760
INFO: [Project 1-571] Translating synthesized netlist
Netlist sorting complete. Time (s): cpu = 00:00:00.09 ; elapsed = 00:00:00.09 . Memory (MB): peak = 2925.441 ; gain = 0.000 ; free physical = 660 ; free virtual = 10927
INFO: [Netlist 29-17] Analyzing 2290 Unisim elements for replacement
INFO: [Netlist 29-28] Unisim Transformation completed in 0 CPU seconds
INFO: [Project 1-570] Preparing netlist for logic optimization
Parsing XDC File [/home/ubuntu/Desktop/ZUGA-IC-final/constraints/nexys_video.xdc]
Finished Parsing XDC File [/home/ubuntu/Desktop/ZUGA-IC-final/constraints/nexys_video.xdc]
INFO: [Opt 31-138] Pushed 1 inverter(s) to 1 load pin(s).
Netlist sorting complete. Time (s): cpu = 00:00:00 ; elapsed = 00:00:00 . Memory (MB): peak = 2981.461 ; gain = 0.000 ; free physical = 584 ; free virtual = 10917
INFO: [Project 1-111] Unisim Transformation Summary:
  A total of 1085 instances were transformed.
  IOBUF => IOBUF (IBUF, OBUFT): 1 instance 
  LD => LDCE (inverted pins: G): 1 instance 
  RAM32M => RAM32M (RAMD32(x6), RAMS32(x2)): 15 instances
  RAM32X1D => RAM32X1D (RAMD32(x2)): 6 instances
  RAM64M => RAM64M (RAMD64E(x4)): 1062 instances

Synth Design complete | Checksum: 6808251c
INFO: [Common 17-83] Releasing license: Synthesis
185 Infos, 215 Warnings, 0 Critical Warnings and 0 Errors encountered.
synth_design completed successfully
synth_design: Time (s): cpu = 00:02:00 ; elapsed = 00:01:59 . Memory (MB): peak = 2981.496 ; gain = 1356.164 ; free physical = 584 ; free virtual = 10918
INFO: [Common 17-2834] synth_design peak Physical Memory [PSS] (MB): overall = 2520.491; main = 2358.821; forked = 340.843
INFO: [Common 17-2834] synth_design peak Virtual Memory [VSS] (MB): overall = 3906.074; main = 2981.465; forked = 986.574
# write_checkpoint -force $OUTDIR/post_synth.dcp
INFO: [Timing 38-480] Writing timing data to binary archive.
Wrote PlaceDB: Time (s): cpu = 00:00:00 ; elapsed = 00:00:00 . Memory (MB): peak = 3013.477 ; gain = 0.000 ; free physical = 584 ; free virtual = 10918
Wrote PulsedLatchDB: Time (s): cpu = 00:00:00 ; elapsed = 00:00:00 . Memory (MB): peak = 3013.477 ; gain = 0.000 ; free physical = 584 ; free virtual = 10918
Writing XDEF routing.
Writing XDEF routing logical nets.
Writing XDEF routing special nets.
Wrote RouteStorage: Time (s): cpu = 00:00:00.05 ; elapsed = 00:00:00.01 . Memory (MB): peak = 3013.477 ; gain = 0.000 ; free physical = 584 ; free virtual = 10918
Wrote PlaceStorage: Time (s): cpu = 00:00:00 ; elapsed = 00:00:00 . Memory (MB): peak = 3013.477 ; gain = 0.000 ; free physical = 584 ; free virtual = 10918
Wrote Netlist Cache: Time (s): cpu = 00:00:00 ; elapsed = 00:00:00 . Memory (MB): peak = 3013.477 ; gain = 0.000 ; free physical = 584 ; free virtual = 10918
Wrote Device Cache: Time (s): cpu = 00:00:00.02 ; elapsed = 00:00:00.01 . Memory (MB): peak = 3013.477 ; gain = 0.000 ; free physical = 583 ; free virtual = 10918
Write Physdb Complete: Time (s): cpu = 00:00:00.1 ; elapsed = 00:00:00.02 . Memory (MB): peak = 3013.477 ; gain = 0.000 ; free physical = 583 ; free virtual = 10918
Write ShapeDB Complete: Time (s): cpu = 00:00:00.1 ; elapsed = 00:00:00.02 . Memory (MB): peak = 3013.477 ; gain = 0.000 ; free physical = 583 ; free virtual = 10918
INFO: [Common 17-1381] The checkpoint '/home/ubuntu/Desktop/ZUGA-IC-final/build_fpga/post_synth.dcp' has been generated.
# report_utilization       -file $OUTDIR/utilization_synth.rpt
# report_timing_summary    -file $OUTDIR/timing_synth.rpt
INFO: [Timing 38-35] Done setting XDC timing constraints.
INFO: [Timing 38-91] UpdateTimingParams: Speed grade: -1, Delay Type: min_max.
INFO: [Timing 38-191] Multithreading enabled for timing update using a maximum of 8 CPUs
report_timing_summary: Time (s): cpu = 00:00:13 ; elapsed = 00:00:06 . Memory (MB): peak = 3045.477 ; gain = 32.000 ; free physical = 585 ; free virtual = 10887
# opt_design
Command: opt_design
Attempting to get a license for feature 'Implementation' and/or device 'xc7a200t'
INFO: [Common 17-349] Got license for feature 'Implementation' and/or device 'xc7a200t'
Running DRC as a precondition to command opt_design

Starting DRC Task
INFO: [DRC 23-27] Running DRC with 8 threads
INFO: [Project 1-461] DRC finished with 0 Errors, 1 Warnings
INFO: [Project 1-462] Please refer to the DRC report (report_drc) for more information.

Time (s): cpu = 00:00:01 ; elapsed = 00:00:00.51 . Memory (MB): peak = 3045.477 ; gain = 0.000 ; free physical = 583 ; free virtual = 10885

Starting Cache Timing Information Task
Ending Cache Timing Information Task | Checksum: 2658c52b9

Time (s): cpu = 00:00:00.01 ; elapsed = 00:00:00 . Memory (MB): peak = 3045.477 ; gain = 0.000 ; free physical = 583 ; free virtual = 10885

Starting Logic Optimization Task

Phase 1 Initialization

Phase 1.1 Core Generation And Design Setup
Phase 1.1 Core Generation And Design Setup | Checksum: 2658c52b9

Time (s): cpu = 00:00:00.01 ; elapsed = 00:00:00.01 . Memory (MB): peak = 3117.383 ; gain = 0.000 ; free physical = 517 ; free virtual = 10821

Phase 1.2 Setup Constraints And Sort Netlist
Phase 1.2 Setup Constraints And Sort Netlist | Checksum: 2658c52b9

Time (s): cpu = 00:00:00.02 ; elapsed = 00:00:00.02 . Memory (MB): peak = 3117.383 ; gain = 0.000 ; free physical = 517 ; free virtual = 10821
Phase 1 Initialization | Checksum: 2658c52b9

Time (s): cpu = 00:00:00.02 ; elapsed = 00:00:00.02 . Memory (MB): peak = 3117.383 ; gain = 0.000 ; free physical = 517 ; free virtual = 10821

Phase 2 Timer Update And Timing Data Collection

Phase 2.1 Detect if minReqCache needed
Phase 2.1 Detect if minReqCache needed | Checksum: 2658c52b9

Time (s): cpu = 00:00:00.03 ; elapsed = 00:00:00.04 . Memory (MB): peak = 3117.383 ; gain = 0.000 ; free physical = 517 ; free virtual = 10820

Phase 2.2 Timer Update
Phase 2.2 Timer Update | Checksum: 2658c52b9

Time (s): cpu = 00:00:00.89 ; elapsed = 00:00:00.24 . Memory (MB): peak = 3117.383 ; gain = 0.000 ; free physical = 520 ; free virtual = 10823

Phase 2.3 Timing Data Collection
Phase 2.3 Timing Data Collection | Checksum: 2658c52b9

Time (s): cpu = 00:00:00.9 ; elapsed = 00:00:00.25 . Memory (MB): peak = 3117.383 ; gain = 0.000 ; free physical = 520 ; free virtual = 10823
Phase 2 Timer Update And Timing Data Collection | Checksum: 2658c52b9

Time (s): cpu = 00:00:00.9 ; elapsed = 00:00:00.25 . Memory (MB): peak = 3117.383 ; gain = 0.000 ; free physical = 520 ; free virtual = 10823

Phase 3 Retarget
INFO: [Opt 31-1851] Number of loadless carry chains removed were: 0
INFO: [Opt 31-1834] Total Chains To Be Transformed Were: 0 AND Number of Transformed insts Created are: 0
INFO: [Opt 31-1566] Pulled 1 inverters resulting in an inversion of 6 pins
INFO: [Opt 31-138] Pushed 0 inverter(s) to 0 load pin(s).
INFO: [Opt 31-49] Retargeted 0 cell(s).
Phase 3 Retarget | Checksum: 29de55d15

Time (s): cpu = 00:00:01 ; elapsed = 00:00:00.39 . Memory (MB): peak = 3117.383 ; gain = 0.000 ; free physical = 520 ; free virtual = 10823
Retarget | Checksum: 29de55d15
INFO: [Opt 31-389] Phase Retarget created 0 cells and removed 1 cells

Phase 4 Constant propagation
INFO: [Opt 31-138] Pushed 0 inverter(s) to 0 load pin(s).
Phase 4 Constant propagation | Checksum: 2571237c4

Time (s): cpu = 00:00:01 ; elapsed = 00:00:00.47 . Memory (MB): peak = 3117.383 ; gain = 0.000 ; free physical = 520 ; free virtual = 10823
Constant propagation | Checksum: 2571237c4
INFO: [Opt 31-389] Phase Constant propagation created 0 cells and removed 0 cells

Phase 5 Sweep
INFO: [Constraints 18-11670] Building netlist checker database with flags, 0x8
Done building netlist checker database: Time (s): cpu = 00:00:00 ; elapsed = 00:00:00 . Memory (MB): peak = 3117.383 ; gain = 0.000 ; free physical = 520 ; free virtual = 10823
Phase 5 Sweep | Checksum: 28168d08e

Time (s): cpu = 00:00:01 ; elapsed = 00:00:00.59 . Memory (MB): peak = 3117.383 ; gain = 0.000 ; free physical = 520 ; free virtual = 10823
Sweep | Checksum: 28168d08e
INFO: [Opt 31-389] Phase Sweep created 8 cells and removed 0 cells

Phase 6 BUFG optimization
Phase 6 BUFG optimization | Checksum: 28168d08e

Time (s): cpu = 00:00:02 ; elapsed = 00:00:00.72 . Memory (MB): peak = 3117.383 ; gain = 0.000 ; free physical = 520 ; free virtual = 10824
BUFG optimization | Checksum: 28168d08e
INFO: [Opt 31-662] Phase BUFG optimization created 0 cells of which 0 are BUFGs and removed 0 cells.

Phase 7 Shift Register Optimization
INFO: [Opt 31-1064] SRL Remap converted 0 SRLs to 0 registers and converted 0 registers of register chains to 0 SRLs
Phase 7 Shift Register Optimization | Checksum: 28168d08e

Time (s): cpu = 00:00:02 ; elapsed = 00:00:00.73 . Memory (MB): peak = 3117.383 ; gain = 0.000 ; free physical = 520 ; free virtual = 10823
Shift Register Optimization | Checksum: 28168d08e
INFO: [Opt 31-389] Phase Shift Register Optimization created 0 cells and removed 0 cells

Phase 8 Post Processing Netlist
Phase 8 Post Processing Netlist | Checksum: 234762b8e

Time (s): cpu = 00:00:02 ; elapsed = 00:00:00.77 . Memory (MB): peak = 3117.383 ; gain = 0.000 ; free physical = 519 ; free virtual = 10822
Post Processing Netlist | Checksum: 234762b8e
INFO: [Opt 31-389] Phase Post Processing Netlist created 0 cells and removed 0 cells

Phase 9 Finalization

Phase 9.1 Finalizing Design Cores and Updating Shapes
Phase 9.1 Finalizing Design Cores and Updating Shapes | Checksum: 30b1c2861

Time (s): cpu = 00:00:02 ; elapsed = 00:00:00.88 . Memory (MB): peak = 3117.383 ; gain = 0.000 ; free physical = 527 ; free virtual = 10822

Phase 9.2 Verifying Netlist Connectivity

Starting Connectivity Check Task

Time (s): cpu = 00:00:00.02 ; elapsed = 00:00:00.02 . Memory (MB): peak = 3117.383 ; gain = 0.000 ; free physical = 528 ; free virtual = 10823
Phase 9.2 Verifying Netlist Connectivity | Checksum: 30b1c2861

Time (s): cpu = 00:00:02 ; elapsed = 00:00:00.9 . Memory (MB): peak = 3117.383 ; gain = 0.000 ; free physical = 529 ; free virtual = 10823
Phase 9 Finalization | Checksum: 30b1c2861

Time (s): cpu = 00:00:02 ; elapsed = 00:00:00.9 . Memory (MB): peak = 3117.383 ; gain = 0.000 ; free physical = 529 ; free virtual = 10823
Opt_design Change Summary
=========================


-------------------------------------------------------------------------------------------------------------------------
|  Phase                        |  #Cells created  |  #Cells Removed  |  #Constrained objects preventing optimizations  |
-------------------------------------------------------------------------------------------------------------------------
|  Retarget                     |               0  |               1  |                                              0  |
|  Constant propagation         |               0  |               0  |                                              0  |
|  Sweep                        |               8  |               0  |                                              0  |
|  BUFG optimization            |               0  |               0  |                                              0  |
|  Shift Register Optimization  |               0  |               0  |                                              0  |
|  Post Processing Netlist      |               0  |               0  |                                              0  |
-------------------------------------------------------------------------------------------------------------------------


Ending Logic Optimization Task | Checksum: 30b1c2861

Time (s): cpu = 00:00:02 ; elapsed = 00:00:00.9 . Memory (MB): peak = 3117.383 ; gain = 0.000 ; free physical = 529 ; free virtual = 10823

Starting Power Optimization Task
INFO: [Pwropt 34-132] Skipping clock gating for clocks with a period < 2.00 ns.
INFO: [Timing 38-35] Done setting XDC timing constraints.
INFO: [Pwropt 34-9] Applying IDT optimizations ...
INFO: [Pwropt 34-10] Applying ODC optimizations ...
Running Vector-less Activity Propagation...

Finished Running Vector-less Activity Propagation


Starting PowerOpt Patch Enables Task
INFO: [Pwropt 34-162] WRITE_MODE attribute of 0 BRAM(s) out of a total of 1 has been updated to save power. Run report_power_opt to get a complete listing of the BRAMs updated.
INFO: [Pwropt 34-201] Structural ODC has moved 0 WE to EN ports
Number of BRAM Ports augmented: 0 newly gated: 0 Total Ports: 2
Ending PowerOpt Patch Enables Task | Checksum: 30b1c2861

Time (s): cpu = 00:00:00.04 ; elapsed = 00:00:00.04 . Memory (MB): peak = 3341.488 ; gain = 0.000 ; free physical = 420 ; free virtual = 10716
Ending Power Optimization Task | Checksum: 30b1c2861

Time (s): cpu = 00:00:07 ; elapsed = 00:00:02 . Memory (MB): peak = 3341.488 ; gain = 224.105 ; free physical = 420 ; free virtual = 10716

Starting Final Cleanup Task
Ending Final Cleanup Task | Checksum: 30b1c2861

Time (s): cpu = 00:00:00 ; elapsed = 00:00:00 . Memory (MB): peak = 3341.488 ; gain = 0.000 ; free physical = 420 ; free virtual = 10716
Netlist sorting complete. Time (s): cpu = 00:00:00.01 ; elapsed = 00:00:00 . Memory (MB): peak = 3341.488 ; gain = 0.000 ; free physical = 420 ; free virtual = 10716
INFO: [Common 17-83] Releasing license: Implementation
25 Infos, 0 Warnings, 0 Critical Warnings and 0 Errors encountered.
opt_design completed successfully
opt_design: Time (s): cpu = 00:00:11 ; elapsed = 00:00:05 . Memory (MB): peak = 3341.488 ; gain = 296.012 ; free physical = 420 ; free virtual = 10716
# place_design
Command: place_design
Attempting to get a license for feature 'Implementation' and/or device 'xc7a200t'
INFO: [Common 17-349] Got license for feature 'Implementation' and/or device 'xc7a200t'
INFO: [Common 17-83] Releasing license: Implementation
INFO: [DRC 23-27] Running DRC with 8 threads
INFO: [Vivado_Tcl 4-198] DRC finished with 0 Errors
INFO: [Vivado_Tcl 4-199] Please refer to the DRC report (report_drc) for more information.
INFO: [Timing 38-35] Done setting XDC timing constraints.
Running DRC as a precondition to command place_design
INFO: [DRC 23-27] Running DRC with 8 threads
INFO: [Vivado_Tcl 4-198] DRC finished with 0 Errors, 22 Warnings
INFO: [Vivado_Tcl 4-199] Please refer to the DRC report (report_drc) for more information.
INFO: [Place 30-611] Multithreading enabled for place_design using a maximum of 8 CPUs

Starting Placer Task

Phase 1 Placer Initialization

Phase 1.1 Placer Initialization Netlist Sorting
Netlist sorting complete. Time (s): cpu = 00:00:00 ; elapsed = 00:00:00.01 . Memory (MB): peak = 3341.488 ; gain = 0.000 ; free physical = 421 ; free virtual = 10717
Phase 1.1 Placer Initialization Netlist Sorting | Checksum: 21e362c9b

Time (s): cpu = 00:00:00.01 ; elapsed = 00:00:00.01 . Memory (MB): peak = 3341.488 ; gain = 0.000 ; free physical = 421 ; free virtual = 10717
Netlist sorting complete. Time (s): cpu = 00:00:00 ; elapsed = 00:00:00 . Memory (MB): peak = 3341.488 ; gain = 0.000 ; free physical = 421 ; free virtual = 10717

Phase 1.2 IO Placement/ Clock Placement/ Build Placer Device
Phase 1.2 IO Placement/ Clock Placement/ Build Placer Device | Checksum: 1fc7bae99

Time (s): cpu = 00:00:02 ; elapsed = 00:00:00.77 . Memory (MB): peak = 3341.488 ; gain = 0.000 ; free physical = 418 ; free virtual = 10714

Phase 1.3 Build Placer Netlist Model
Phase 1.3 Build Placer Netlist Model | Checksum: 2f0184fd5

Time (s): cpu = 00:00:09 ; elapsed = 00:00:04 . Memory (MB): peak = 3341.488 ; gain = 0.000 ; free physical = 430 ; free virtual = 10716

Phase 1.4 Constrain Clocks/Macros
Phase 1.4 Constrain Clocks/Macros | Checksum: 2f0184fd5

Time (s): cpu = 00:00:09 ; elapsed = 00:00:04 . Memory (MB): peak = 3341.488 ; gain = 0.000 ; free physical = 430 ; free virtual = 10717
Phase 1 Placer Initialization | Checksum: 2f0184fd5

Time (s): cpu = 00:00:09 ; elapsed = 00:00:04 . Memory (MB): peak = 3341.488 ; gain = 0.000 ; free physical = 430 ; free virtual = 10717

Phase 2 Global Placement

Phase 2.1 Floorplanning
Phase 2.1 Floorplanning | Checksum: 2dc80a680

Time (s): cpu = 00:00:13 ; elapsed = 00:00:05 . Memory (MB): peak = 3341.488 ; gain = 0.000 ; free physical = 593 ; free virtual = 10760

Phase 2.2 Update Timing before SLR Path Opt
Phase 2.2 Update Timing before SLR Path Opt | Checksum: 26d9d078c

Time (s): cpu = 00:00:18 ; elapsed = 00:00:06 . Memory (MB): peak = 3341.488 ; gain = 0.000 ; free physical = 589 ; free virtual = 10757

Phase 2.3 Post-Processing in Floorplanning
Phase 2.3 Post-Processing in Floorplanning | Checksum: 26d9d078c

Time (s): cpu = 00:00:18 ; elapsed = 00:00:06 . Memory (MB): peak = 3341.488 ; gain = 0.000 ; free physical = 589 ; free virtual = 10757

Phase 2.4 Global Place Phase1
Phase 2.4 Global Place Phase1 | Checksum: 237f2fb88

Time (s): cpu = 00:00:45 ; elapsed = 00:00:13 . Memory (MB): peak = 3341.488 ; gain = 0.000 ; free physical = 476 ; free virtual = 10643

Phase 2.5 Global Place Phase2

Phase 2.5.1 UpdateTiming Before Physical Synthesis
Phase 2.5.1 UpdateTiming Before Physical Synthesis | Checksum: 237f2fb88

Time (s): cpu = 00:00:49 ; elapsed = 00:00:14 . Memory (MB): peak = 3341.488 ; gain = 0.000 ; free physical = 472 ; free virtual = 10639

Phase 2.5.2 Physical Synthesis In Placer
INFO: [Physopt 32-1035] Found 0 LUTNM shape to break, 148 LUT instances to create LUTNM shape
INFO: [Physopt 32-1044] Break lutnm for timing: one critical 0, two critical 0, total 0, new lutff created 0
INFO: [Physopt 32-1138] End 1 Pass. Optimized 65 nets or LUTs. Breaked 0 LUT, combined 65 existing LUTs and moved 0 existing LUT
INFO: [Physopt 32-65] No nets found for high-fanout optimization.
INFO: [Physopt 32-232] Optimized 0 net. Created 0 new instance.
INFO: [Physopt 32-775] End 1 Pass. Optimized 0 net or cell. Created 0 new cell, deleted 0 existing cell and moved 0 existing cell
INFO: [Physopt 32-670] No setup violation found.  DSP Register Optimization was not performed.
INFO: [Physopt 32-670] No setup violation found.  Shift Register to Pipeline Optimization was not performed.
INFO: [Physopt 32-670] No setup violation found.  Shift Register Optimization was not performed.
INFO: [Physopt 32-670] No setup violation found.  BRAM Register Optimization was not performed.
INFO: [Physopt 32-670] No setup violation found.  URAM Register Optimization was not performed.
INFO: [Physopt 32-949] No candidate nets found for dynamic/static region interface net replication
INFO: [Physopt 32-775] End 1 Pass. Optimized 0 net or cell. Created 0 new cell, deleted 0 existing cell and moved 0 existing cell
Netlist sorting complete. Time (s): cpu = 00:00:00.01 ; elapsed = 00:00:00.01 . Memory (MB): peak = 3341.488 ; gain = 0.000 ; free physical = 582 ; free virtual = 10704

Summary of Physical Synthesis Optimizations
============================================


-----------------------------------------------------------------------------------------------------------------------------------------------------------
|  Optimization                                     |  Added Cells  |  Removed Cells  |  Optimized Cells/Nets  |  Dont Touch  |  Iterations  |  Elapsed   |
-----------------------------------------------------------------------------------------------------------------------------------------------------------
|  LUT Combining                                    |            0  |             65  |                    65  |           0  |           1  |  00:00:00  |
|  Retime                                           |            0  |              0  |                     0  |           0  |           1  |  00:00:00  |
|  Very High Fanout                                 |            0  |              0  |                     0  |           0  |           1  |  00:00:00  |
|  DSP Register                                     |            0  |              0  |                     0  |           0  |           0  |  00:00:00  |
|  Shift Register to Pipeline                       |            0  |              0  |                     0  |           0  |           0  |  00:00:00  |
|  Shift Register                                   |            0  |              0  |                     0  |           0  |           0  |  00:00:00  |
|  BRAM Register                                    |            0  |              0  |                     0  |           0  |           0  |  00:00:00  |
|  URAM Register                                    |            0  |              0  |                     0  |           0  |           0  |  00:00:00  |
|  Dynamic/Static Region Interface Net Replication  |            0  |              0  |                     0  |           0  |           1  |  00:00:00  |
|  Total                                            |            0  |             65  |                    65  |           0  |           4  |  00:00:00  |
-----------------------------------------------------------------------------------------------------------------------------------------------------------


Phase 2.5.2 Physical Synthesis In Placer | Checksum: 206a02d5c

Time (s): cpu = 00:00:53 ; elapsed = 00:00:15 . Memory (MB): peak = 3341.488 ; gain = 0.000 ; free physical = 575 ; free virtual = 10698
Phase 2.5 Global Place Phase2 | Checksum: 2e32431ff

Time (s): cpu = 00:00:54 ; elapsed = 00:00:15 . Memory (MB): peak = 3341.488 ; gain = 0.000 ; free physical = 570 ; free virtual = 10693
Phase 2 Global Placement | Checksum: 2e32431ff

Time (s): cpu = 00:00:54 ; elapsed = 00:00:15 . Memory (MB): peak = 3341.488 ; gain = 0.000 ; free physical = 570 ; free virtual = 10693

Phase 3 Detail Placement

Phase 3.1 Commit Multi Column Macros
Phase 3.1 Commit Multi Column Macros | Checksum: 243f7b35b

Time (s): cpu = 00:00:58 ; elapsed = 00:00:16 . Memory (MB): peak = 3341.488 ; gain = 0.000 ; free physical = 619 ; free virtual = 10704

Phase 3.2 Commit Most Macros & LUTRAMs
Phase 3.2 Commit Most Macros & LUTRAMs | Checksum: 2153438cb

Time (s): cpu = 00:01:07 ; elapsed = 00:00:19 . Memory (MB): peak = 3341.488 ; gain = 0.000 ; free physical = 581 ; free virtual = 10687

Phase 3.3 Area Swap Optimization
Phase 3.3 Area Swap Optimization | Checksum: 2a4491cad

Time (s): cpu = 00:01:07 ; elapsed = 00:00:19 . Memory (MB): peak = 3341.488 ; gain = 0.000 ; free physical = 580 ; free virtual = 10686

Phase 3.4 Pipeline Register Optimization
Phase 3.4 Pipeline Register Optimization | Checksum: 27a056fb5

Time (s): cpu = 00:01:07 ; elapsed = 00:00:19 . Memory (MB): peak = 3341.488 ; gain = 0.000 ; free physical = 579 ; free virtual = 10685

Phase 3.5 Small Shape Detail Placement
Phase 3.5 Small Shape Detail Placement | Checksum: 1ee205e9e

Time (s): cpu = 00:01:10 ; elapsed = 00:00:21 . Memory (MB): peak = 3341.488 ; gain = 0.000 ; free physical = 560 ; free virtual = 10674

Phase 3.6 Re-assign LUT pins
Phase 3.6 Re-assign LUT pins | Checksum: 232897f51

Time (s): cpu = 00:01:11 ; elapsed = 00:00:22 . Memory (MB): peak = 3341.488 ; gain = 0.000 ; free physical = 560 ; free virtual = 10666

Phase 3.7 Pipeline Register Optimization
Phase 3.7 Pipeline Register Optimization | Checksum: 187c4cc59

Time (s): cpu = 00:01:11 ; elapsed = 00:00:22 . Memory (MB): peak = 3341.488 ; gain = 0.000 ; free physical = 560 ; free virtual = 10666
Phase 3 Detail Placement | Checksum: 187c4cc59

Time (s): cpu = 00:01:11 ; elapsed = 00:00:22 . Memory (MB): peak = 3341.488 ; gain = 0.000 ; free physical = 560 ; free virtual = 10666

Phase 4 Post Placement Optimization and Clean-Up

Phase 4.1 Post Commit Optimization
INFO: [Timing 38-35] Done setting XDC timing constraints.

Phase 4.1.1 Post Placement Optimization
Post Placement Optimization Initialization | Checksum: 1d0a86e86

Phase 4.1.1.1 BUFG Insertion

Starting Physical Synthesis Task

Phase 1 Physical Synthesis Initialization
INFO: [Physopt 32-721] Multithreading enabled for phys_opt_design using a maximum of 8 CPUs
INFO: [Physopt 32-619] Estimated Timing Summary | WNS=8.387 | TNS=0.000 |
Phase 1 Physical Synthesis Initialization | Checksum: 1d85464b1

Time (s): cpu = 00:00:00.78 ; elapsed = 00:00:00.2 . Memory (MB): peak = 3341.488 ; gain = 0.000 ; free physical = 561 ; free virtual = 10671
INFO: [Place 46-33] Processed net u_soc/u_core/id_stage_i/register_file_i/rst_n_clean_reg, BUFG insertion was skipped due to placement/routing conflicts.
INFO: [Place 46-56] BUFG insertion identified 1 candidate nets. Inserted BUFG: 0, Replicated BUFG Driver: 0, Skipped due to Placement/Routing Conflicts: 1, Skipped due to Timing Degradation: 0, Skipped due to netlist editing failed: 0.
Ending Physical Synthesis Task | Checksum: 1d66ce9e0

Time (s): cpu = 00:00:01 ; elapsed = 00:00:00.46 . Memory (MB): peak = 3341.488 ; gain = 0.000 ; free physical = 564 ; free virtual = 10674
Phase 4.1.1.1 BUFG Insertion | Checksum: 1d0a86e86

Time (s): cpu = 00:01:21 ; elapsed = 00:00:25 . Memory (MB): peak = 3341.488 ; gain = 0.000 ; free physical = 564 ; free virtual = 10674

Phase 4.1.1.2 Post Placement Timing Optimization
INFO: [Place 30-746] Post Placement Timing Summary WNS=8.387. For the most accurate timing information please run report_timing.
Phase 4.1.1.2 Post Placement Timing Optimization | Checksum: 15c1d66cc

Time (s): cpu = 00:01:21 ; elapsed = 00:00:25 . Memory (MB): peak = 3341.488 ; gain = 0.000 ; free physical = 564 ; free virtual = 10674

Time (s): cpu = 00:01:21 ; elapsed = 00:00:25 . Memory (MB): peak = 3341.488 ; gain = 0.000 ; free physical = 564 ; free virtual = 10674
Phase 4.1 Post Commit Optimization | Checksum: 15c1d66cc

Time (s): cpu = 00:01:21 ; elapsed = 00:00:25 . Memory (MB): peak = 3341.488 ; gain = 0.000 ; free physical = 564 ; free virtual = 10675

Phase 4.2 Post Placement Cleanup
Phase 4.2 Post Placement Cleanup | Checksum: 15c1d66cc

Time (s): cpu = 00:01:21 ; elapsed = 00:00:25 . Memory (MB): peak = 3341.488 ; gain = 0.000 ; free physical = 565 ; free virtual = 10675

Phase 4.3 Placer Reporting

Phase 4.3.1 Print Estimated Congestion
INFO: [Place 30-612] Post-Placement Estimated Congestion 
 ____________________________________________________
|           | Global Congestion | Short Congestion  |
| Direction | Region Size       | Region Size       |
|___________|___________________|___________________|
|      North|                1x1|                4x4|
|___________|___________________|___________________|
|      South|                1x1|                4x4|
|___________|___________________|___________________|
|       East|                1x1|                1x1|
|___________|___________________|___________________|
|       West|                1x1|                2x2|
|___________|___________________|___________________|

Phase 4.3.1 Print Estimated Congestion | Checksum: 15c1d66cc

Time (s): cpu = 00:01:21 ; elapsed = 00:00:25 . Memory (MB): peak = 3341.488 ; gain = 0.000 ; free physical = 565 ; free virtual = 10675
Phase 4.3 Placer Reporting | Checksum: 15c1d66cc

Time (s): cpu = 00:01:21 ; elapsed = 00:00:25 . Memory (MB): peak = 3341.488 ; gain = 0.000 ; free physical = 565 ; free virtual = 10675

Phase 4.4 Final Placement Cleanup
Netlist sorting complete. Time (s): cpu = 00:00:00.01 ; elapsed = 00:00:00.01 . Memory (MB): peak = 3341.488 ; gain = 0.000 ; free physical = 564 ; free virtual = 10674

Time (s): cpu = 00:01:21 ; elapsed = 00:00:25 . Memory (MB): peak = 3341.488 ; gain = 0.000 ; free physical = 564 ; free virtual = 10674
Phase 4 Post Placement Optimization and Clean-Up | Checksum: 2398a505c

Time (s): cpu = 00:01:21 ; elapsed = 00:00:25 . Memory (MB): peak = 3341.488 ; gain = 0.000 ; free physical = 564 ; free virtual = 10673
Ending Placer Task | Checksum: 1c6f3d7aa

Time (s): cpu = 00:01:21 ; elapsed = 00:00:25 . Memory (MB): peak = 3341.488 ; gain = 0.000 ; free physical = 563 ; free virtual = 10673
30 Infos, 0 Warnings, 0 Critical Warnings and 0 Errors encountered.
place_design completed successfully
place_design: Time (s): cpu = 00:01:24 ; elapsed = 00:00:26 . Memory (MB): peak = 3341.488 ; gain = 0.000 ; free physical = 563 ; free virtual = 10673
# report_utilization       -file $OUTDIR/utilization_placed.rpt
# phys_opt_design
Command: phys_opt_design
Attempting to get a license for feature 'Implementation' and/or device 'xc7a200t'
INFO: [Common 17-349] Got license for feature 'Implementation' and/or device 'xc7a200t'

Starting Initial Update Timing Task

Time (s): cpu = 00:00:08 ; elapsed = 00:00:02 . Memory (MB): peak = 3341.488 ; gain = 0.000 ; free physical = 584 ; free virtual = 10689
INFO: [Vivado_Tcl 4-2279] Estimated Timing Summary | WNS= 8.387 | TNS= 0.000 | 
INFO: [Vivado_Tcl 4-383] Design worst setup slack (WNS) is greater than or equal to 0.000 ns. All physical synthesis setup optimizations will be skipped.
INFO: [Vivado_Tcl 4-232] No setup violation found. The netlist was not modified.
INFO: [Common 17-83] Releasing license: Implementation
5 Infos, 0 Warnings, 0 Critical Warnings and 0 Errors encountered.
phys_opt_design completed successfully
# route_design
Command: route_design
Attempting to get a license for feature 'Implementation' and/or device 'xc7a200t'
INFO: [Common 17-349] Got license for feature 'Implementation' and/or device 'xc7a200t'


Starting Routing Task
INFO: [Route 35-254] Multithreading enabled for route_design using a maximum of 8 CPUs

Phase 1 Build RT Design
Checksum: PlaceDB: 4d1f1a37 ConstDB: 0 ShapeSum: e1b9d20f RouteDB: 981aeb64
Post Restoration Checksum: NetGraph: 4376434f | NumContArr: 6b7e110a | Constraints: c2a8fa9d | Timing: c2a8fa9d
Phase 1 Build RT Design | Checksum: 234464993

Time (s): cpu = 00:00:47 ; elapsed = 00:00:32 . Memory (MB): peak = 3341.488 ; gain = 0.000 ; free physical = 686 ; free virtual = 10694

Phase 2 Router Initialization

Phase 2.1 Fix Topology Constraints
Phase 2.1 Fix Topology Constraints | Checksum: 234464993

Time (s): cpu = 00:00:47 ; elapsed = 00:00:32 . Memory (MB): peak = 3341.488 ; gain = 0.000 ; free physical = 686 ; free virtual = 10694

Phase 2.2 Pre Route Cleanup
Phase 2.2 Pre Route Cleanup | Checksum: 234464993

Time (s): cpu = 00:00:48 ; elapsed = 00:00:32 . Memory (MB): peak = 3341.488 ; gain = 0.000 ; free physical = 686 ; free virtual = 10694
 Number of Nodes with overlaps = 0

Phase 2.3 Update Timing
Phase 2.3 Update Timing | Checksum: 3182f62d1

Time (s): cpu = 00:01:03 ; elapsed = 00:00:35 . Memory (MB): peak = 3341.488 ; gain = 0.000 ; free physical = 679 ; free virtual = 10656
INFO: [Route 35-416] Intermediate Timing Summary | WNS=8.397  | TNS=0.000  | WHS=-1.434 | THS=-2455.081|


Phase 2.4 Soft Constraint Pins - Fast Budgeting
Phase 2.4 Soft Constraint Pins - Fast Budgeting | Checksum: 315ae4f73

Time (s): cpu = 00:01:07 ; elapsed = 00:00:36 . Memory (MB): peak = 3341.488 ; gain = 0.000 ; free physical = 683 ; free virtual = 10659

Router Utilization Summary
  Global Vertical Routing Utilization    = 0.000870533 %
  Global Horizontal Routing Utilization  = 0.000297422 %
  Routable Net Status*
  *Does not include unroutable nets such as driverless and loadless.
  Run report_route_status for detailed report.
  Number of Failed Nets               = 12618
    (Failed Nets is the sum of unrouted and partially routed nets)
  Number of Unrouted Nets             = 12617
  Number of Partially Routed Nets     = 1
  Number of Node Overlaps             = 0

Phase 2 Router Initialization | Checksum: 26aba8b4b

Time (s): cpu = 00:01:08 ; elapsed = 00:00:36 . Memory (MB): peak = 3341.488 ; gain = 0.000 ; free physical = 682 ; free virtual = 10659

Phase 3 Global Routing
Phase 3 Global Routing | Checksum: 26aba8b4b

Time (s): cpu = 00:01:08 ; elapsed = 00:00:36 . Memory (MB): peak = 3341.488 ; gain = 0.000 ; free physical = 682 ; free virtual = 10659

Phase 4 Initial Routing

Phase 4.1 Initial Net Routing Pass
Phase 4.1 Initial Net Routing Pass | Checksum: 2750af82e

Time (s): cpu = 00:01:15 ; elapsed = 00:00:38 . Memory (MB): peak = 3341.488 ; gain = 0.000 ; free physical = 689 ; free virtual = 10667
Phase 4 Initial Routing | Checksum: 2750af82e

Time (s): cpu = 00:01:15 ; elapsed = 00:00:39 . Memory (MB): peak = 3341.488 ; gain = 0.000 ; free physical = 689 ; free virtual = 10667

Phase 5 Rip-up And Reroute

Phase 5.1 Global Iteration 0
 Number of Nodes with overlaps = 1969
 Number of Nodes with overlaps = 36
 Number of Nodes with overlaps = 0
INFO: [Route 35-416] Intermediate Timing Summary | WNS=7.804  | TNS=0.000  | WHS=N/A    | THS=N/A    |

Phase 5.1 Global Iteration 0 | Checksum: 2da0d0a39

Time (s): cpu = 00:01:29 ; elapsed = 00:00:45 . Memory (MB): peak = 3341.488 ; gain = 0.000 ; free physical = 551 ; free virtual = 10636

Phase 5.2 Global Iteration 1
 Number of Nodes with overlaps = 1
 Number of Nodes with overlaps = 0
INFO: [Route 35-416] Intermediate Timing Summary | WNS=7.804  | TNS=0.000  | WHS=N/A    | THS=N/A    |

Phase 5.2 Global Iteration 1 | Checksum: 2a8c82799

Time (s): cpu = 00:01:30 ; elapsed = 00:00:45 . Memory (MB): peak = 3341.488 ; gain = 0.000 ; free physical = 547 ; free virtual = 10632
Phase 5 Rip-up And Reroute | Checksum: 2a8c82799

Time (s): cpu = 00:01:30 ; elapsed = 00:00:45 . Memory (MB): peak = 3341.488 ; gain = 0.000 ; free physical = 547 ; free virtual = 10632

Phase 6 Delay and Skew Optimization

Phase 6.1 Delay CleanUp
Phase 6.1 Delay CleanUp | Checksum: 2a8c82799

Time (s): cpu = 00:01:30 ; elapsed = 00:00:45 . Memory (MB): peak = 3341.488 ; gain = 0.000 ; free physical = 547 ; free virtual = 10632

Phase 6.2 Clock Skew Optimization
Phase 6.2 Clock Skew Optimization | Checksum: 2a8c82799

Time (s): cpu = 00:01:30 ; elapsed = 00:00:45 . Memory (MB): peak = 3341.488 ; gain = 0.000 ; free physical = 547 ; free virtual = 10632
Phase 6 Delay and Skew Optimization | Checksum: 2a8c82799

Time (s): cpu = 00:01:30 ; elapsed = 00:00:45 . Memory (MB): peak = 3341.488 ; gain = 0.000 ; free physical = 547 ; free virtual = 10632

Phase 7 Post Hold Fix

Phase 7.1 Hold Fix Iter
INFO: [Route 35-416] Intermediate Timing Summary | WNS=7.804  | TNS=0.000  | WHS=0.024  | THS=0.000  |

Phase 7.1 Hold Fix Iter | Checksum: 280c2ccd7

Time (s): cpu = 00:01:32 ; elapsed = 00:00:46 . Memory (MB): peak = 3341.488 ; gain = 0.000 ; free physical = 545 ; free virtual = 10630
Phase 7 Post Hold Fix | Checksum: 280c2ccd7

Time (s): cpu = 00:01:32 ; elapsed = 00:00:46 . Memory (MB): peak = 3341.488 ; gain = 0.000 ; free physical = 545 ; free virtual = 10630

Phase 8 Route finalize

Router Utilization Summary
  Global Vertical Routing Utilization    = 1.97571 %
  Global Horizontal Routing Utilization  = 2.4074 %
  Routable Net Status*
  *Does not include unroutable nets such as driverless and loadless.
  Run report_route_status for detailed report.
  Number of Failed Nets               = 0
    (Failed Nets is the sum of unrouted and partially routed nets)
  Number of Unrouted Nets             = 0
  Number of Partially Routed Nets     = 0
  Number of Node Overlaps             = 0

Phase 8 Route finalize | Checksum: 280c2ccd7

Time (s): cpu = 00:01:32 ; elapsed = 00:00:46 . Memory (MB): peak = 3341.488 ; gain = 0.000 ; free physical = 543 ; free virtual = 10628

Phase 9 Verifying routed nets

 Verification completed successfully
Phase 9 Verifying routed nets | Checksum: 280c2ccd7

Time (s): cpu = 00:01:32 ; elapsed = 00:00:46 . Memory (MB): peak = 3341.488 ; gain = 0.000 ; free physical = 541 ; free virtual = 10626

Phase 10 Depositing Routes
Phase 10 Depositing Routes | Checksum: 282336de3

Time (s): cpu = 00:01:34 ; elapsed = 00:00:47 . Memory (MB): peak = 3341.488 ; gain = 0.000 ; free physical = 566 ; free virtual = 10620

Phase 11 Post Process Routing
Phase 11 Post Process Routing | Checksum: 282336de3

Time (s): cpu = 00:01:34 ; elapsed = 00:00:47 . Memory (MB): peak = 3341.488 ; gain = 0.000 ; free physical = 568 ; free virtual = 10622

Phase 12 Post Router Timing
INFO: [Route 35-57] Estimated Timing Summary | WNS=7.804  | TNS=0.000  | WHS=0.024  | THS=0.000  |

INFO: [Route 35-327] The final timing numbers are based on the router estimated timing analysis. For a complete and accurate timing signoff, please run report_timing_summary.
Phase 12 Post Router Timing | Checksum: 282336de3

Time (s): cpu = 00:01:34 ; elapsed = 00:00:47 . Memory (MB): peak = 3341.488 ; gain = 0.000 ; free physical = 566 ; free virtual = 10620
Total Elapsed time in route_design: 46.62 secs

Phase 13 Post-Route Event Processing
Phase 13 Post-Route Event Processing | Checksum: 20cc3fd09

Time (s): cpu = 00:01:34 ; elapsed = 00:00:47 . Memory (MB): peak = 3341.488 ; gain = 0.000 ; free physical = 565 ; free virtual = 10619
INFO: [Route 35-16] Router Completed Successfully
Ending Routing Task | Checksum: 20cc3fd09

Time (s): cpu = 00:01:34 ; elapsed = 00:00:47 . Memory (MB): peak = 3341.488 ; gain = 0.000 ; free physical = 565 ; free virtual = 10619

Routing Is Done.
INFO: [Common 17-83] Releasing license: Implementation
10 Infos, 0 Warnings, 0 Critical Warnings and 0 Errors encountered.
route_design completed successfully
route_design: Time (s): cpu = 00:01:34 ; elapsed = 00:00:47 . Memory (MB): peak = 3341.488 ; gain = 0.000 ; free physical = 560 ; free virtual = 10619
# write_checkpoint -force  $OUTDIR/post_route.dcp
INFO: [Timing 38-480] Writing timing data to binary archive.
Wrote PlaceDB: Time (s): cpu = 00:00:00 ; elapsed = 00:00:00 . Memory (MB): peak = 3341.488 ; gain = 0.000 ; free physical = 560 ; free virtual = 10618
Wrote PulsedLatchDB: Time (s): cpu = 00:00:00 ; elapsed = 00:00:00 . Memory (MB): peak = 3341.488 ; gain = 0.000 ; free physical = 560 ; free virtual = 10618
Writing XDEF routing.
Writing XDEF routing logical nets.
Write ShapeDB Complete: Time (s): cpu = 00:00:00.34 ; elapsed = 00:00:00.05 . Memory (MB): peak = 3341.488 ; gain = 0.000 ; free physical = 558 ; free virtual = 10619
Writing XDEF routing special nets.
Wrote RouteStorage: Time (s): cpu = 00:00:00.7 ; elapsed = 00:00:00.12 . Memory (MB): peak = 3341.488 ; gain = 0.000 ; free physical = 554 ; free virtual = 10618
Wrote PlaceStorage: Time (s): cpu = 00:00:00.9 ; elapsed = 00:00:00.47 . Memory (MB): peak = 3341.488 ; gain = 0.000 ; free physical = 538 ; free virtual = 10615
Wrote Netlist Cache: Time (s): cpu = 00:00:00.01 ; elapsed = 00:00:00.01 . Memory (MB): peak = 3341.488 ; gain = 0.000 ; free physical = 538 ; free virtual = 10616
Wrote Device Cache: Time (s): cpu = 00:00:00.01 ; elapsed = 00:00:00.01 . Memory (MB): peak = 3341.488 ; gain = 0.000 ; free physical = 538 ; free virtual = 10617
Write Physdb Complete: Time (s): cpu = 00:00:02 ; elapsed = 00:00:00.61 . Memory (MB): peak = 3341.488 ; gain = 0.000 ; free physical = 538 ; free virtual = 10617
INFO: [Common 17-1381] The checkpoint '/home/ubuntu/Desktop/ZUGA-IC-final/build_fpga/post_route.dcp' has been generated.
# report_timing_summary    -file $OUTDIR/timing_route.rpt
INFO: [Timing 38-91] UpdateTimingParams: Speed grade: -1, Delay Type: min_max.
INFO: [Timing 38-191] Multithreading enabled for timing update using a maximum of 8 CPUs
# report_utilization       -file $OUTDIR/utilization_route.rpt
# report_drc               -file $OUTDIR/drc.rpt
Command: report_drc -file build_fpga/drc.rpt
INFO: [IP_Flow 19-234] Refreshing IP repositories
INFO: [IP_Flow 19-1704] No user IP repositories specified
INFO: [IP_Flow 19-2313] Loaded Vivado IP repository '/home/ubuntu/vivado/2025.2/data/ip'.
INFO: [DRC 23-27] Running DRC with 8 threads
INFO: [Vivado_Tcl 2-168] The results of DRC are in file /home/ubuntu/Desktop/ZUGA-IC-final/build_fpga/drc.rpt.
report_drc completed successfully
# write_bitstream -force $OUTDIR/zuga_ic.bit
Command: write_bitstream -force build_fpga/zuga_ic.bit
Attempting to get a license for feature 'Implementation' and/or device 'xc7a200t'
INFO: [Common 17-349] Got license for feature 'Implementation' and/or device 'xc7a200t'
Running DRC as a precondition to command write_bitstream
INFO: [IP_Flow 19-1839] IP Catalog is up to date.
INFO: [DRC 23-27] Running DRC with 8 threads
INFO: [Vivado 12-3199] DRC finished with 0 Errors
INFO: [Vivado 12-3200] Please refer to the DRC report (report_drc) for more information.
Integrating Hard IP ELF/MEM with the PDI.
INFO: [Designutils 20-2272] Running write_bitstream with 8 threads.
Loading data files...
Loading site data...
Loading route data...
Processing options...
Creating bitmap...
Creating bitstream...
Writing bitstream build_fpga/zuga_ic.bit...
INFO: [Vivado 12-1842] Bitgen Completed Successfully.
INFO: [Common 17-83] Releasing license: Implementation
8 Infos, 0 Warnings, 0 Critical Warnings and 0 Errors encountered.
write_bitstream completed successfully
write_bitstream: Time (s): cpu = 00:00:26 ; elapsed = 00:00:28 . Memory (MB): peak = 3604.434 ; gain = 262.945 ; free physical = 339 ; free virtual = 10354
# puts "==== FPGA AKISI TAMAM: $OUTDIR/zuga_ic.bit + raporlar ===="
==== FPGA AKISI TAMAM: build_fpga/zuga_ic.bit + raporlar ====
# set wns [get_property SLACK [get_timing_paths -max_paths 1 -nworst 1 -setup]]
# puts "==== WNS (setup slack) = $wns ns  (pozitif ise zamanlama KAPANDI) ===="
==== WNS (setup slack) = 7.802 ns  (pozitif ise zamanlama KAPANDI) ====
INFO: [Common 17-206] Exiting Vivado at Sat Sep 19 12:07:42 2026...
